Entity,Code,Date,people_fully_vaccinated
Albania,ALB,2021-02-02,1
Albania,ALB,2021-02-09,438
Albania,ALB,2021-02-17,611
Albania,ALB,2021-02-18,611
Albania,ALB,2021-02-22,655
Argentina,ARG,2021-01-20,4394
Argentina,ARG,2021-01-21,16352
Argentina,ARG,2021-01-22,25146
Argentina,ARG,2021-01-23,29188
Argentina,ARG,2021-01-24,31987
Argentina,ARG,2021-01-25,32264
Argentina,ARG,2021-01-26,38911
Argentina,ARG,2021-01-27,45710
Argentina,ARG,2021-01-28,51451
Argentina,ARG,2021-01-29,65583
Argentina,ARG,2021-01-30,85361
Argentina,ARG,2021-02-01,94274
Argentina,ARG,2021-02-03,112366
Argentina,ARG,2021-02-04,146301
Argentina,ARG,2021-02-06,163882
Argentina,ARG,2021-02-07,181836
Argentina,ARG,2021-02-08,189264
Argentina,ARG,2021-02-09,190203
Argentina,ARG,2021-02-10,197531
Argentina,ARG,2021-02-11,210279
Argentina,ARG,2021-02-12,223609
Argentina,ARG,2021-02-13,234616
Argentina,ARG,2021-02-14,237483
Argentina,ARG,2021-02-15,237610
Argentina,ARG,2021-02-16,237916
Argentina,ARG,2021-02-17,238320
Argentina,ARG,2021-02-18,243184
Argentina,ARG,2021-02-19,253696
Argentina,ARG,2021-02-20,261534
Argentina,ARG,2021-02-21,263338
Argentina,ARG,2021-02-22,263412
Argentina,ARG,2021-02-23,264926
Argentina,ARG,2021-02-24,267061
Argentina,ARG,2021-02-25,271001
Argentina,ARG,2021-02-26,283280
Argentina,ARG,2021-02-27,290425
Argentina,ARG,2021-02-28,293432
Argentina,ARG,2021-03-01,293957
Argentina,ARG,2021-03-02,302662
Argentina,ARG,2021-03-03,306376
Argentina,ARG,2021-03-04,310766
Argentina,ARG,2021-03-05,327092
Argentina,ARG,2021-03-07,343204
Argentina,ARG,2021-03-08,343701
Argentina,ARG,2021-03-09,347170
Austria,AUT,2021-01-17,323
Austria,AUT,2021-01-18,1196
Austria,AUT,2021-01-19,2623
Austria,AUT,2021-01-20,3889
Austria,AUT,2021-01-21,4049
Austria,AUT,2021-01-22,4629
Austria,AUT,2021-01-23,4630
Austria,AUT,2021-01-24,4631
Austria,AUT,2021-01-25,4737
Austria,AUT,2021-01-26,5586
Austria,AUT,2021-01-27,6017
Austria,AUT,2021-01-28,8431
Austria,AUT,2021-01-29,17874
Austria,AUT,2021-01-30,20191
Austria,AUT,2021-01-31,21187
Austria,AUT,2021-02-01,24143
Austria,AUT,2021-02-02,37595
Austria,AUT,2021-02-03,51492
Austria,AUT,2021-02-04,67746
Austria,AUT,2021-02-05,83759
Austria,AUT,2021-02-06,89836
Austria,AUT,2021-02-07,94090
Austria,AUT,2021-02-08,101523
Austria,AUT,2021-02-09,117279
Austria,AUT,2021-02-10,135054
Austria,AUT,2021-02-11,153462
Austria,AUT,2021-02-12,171150
Austria,AUT,2021-02-13,176018
Austria,AUT,2021-02-14,177393
Austria,AUT,2021-02-15,180480
Austria,AUT,2021-02-16,187791
Austria,AUT,2021-02-17,197142
Austria,AUT,2021-02-18,204855
Austria,AUT,2021-02-19,213119
Austria,AUT,2021-02-20,214779
Austria,AUT,2021-02-21,215122
Austria,AUT,2021-02-22,216856
Austria,AUT,2021-02-23,221191
Austria,AUT,2021-02-24,224530
Austria,AUT,2021-02-25,227839
Austria,AUT,2021-02-26,232289
Austria,AUT,2021-02-27,234215
Austria,AUT,2021-02-28,234618
Austria,AUT,2021-03-01,235379
Austria,AUT,2021-03-02,237586
Austria,AUT,2021-03-03,239730
Austria,AUT,2021-03-04,242240
Austria,AUT,2021-03-05,244906
Austria,AUT,2021-03-06,247292
Austria,AUT,2021-03-07,247915
Austria,AUT,2021-03-08,249157
Austria,AUT,2021-03-09,252097
Bahrain,BHR,2021-03-06,199374
Bahrain,BHR,2021-03-07,201442
Bahrain,BHR,2021-03-08,202679
Bahrain,BHR,2021-03-09,203915
Belgium,BEL,2021-01-18,109
Belgium,BEL,2021-01-19,290
Belgium,BEL,2021-01-20,713
Belgium,BEL,2021-01-21,713
Belgium,BEL,2021-01-22,745
Belgium,BEL,2021-01-23,752
Belgium,BEL,2021-01-24,752
Belgium,BEL,2021-01-25,752
Belgium,BEL,2021-01-26,2238
Belgium,BEL,2021-01-27,5534
Belgium,BEL,2021-01-28,12637
Belgium,BEL,2021-01-29,21038
Belgium,BEL,2021-01-30,23910
Belgium,BEL,2021-01-31,24238
Belgium,BEL,2021-02-01,27967
Belgium,BEL,2021-02-02,41280
Belgium,BEL,2021-02-03,60913
Belgium,BEL,2021-02-04,84068
Belgium,BEL,2021-02-05,106028
Belgium,BEL,2021-02-06,111148
Belgium,BEL,2021-02-07,113965
Belgium,BEL,2021-02-08,121571
Belgium,BEL,2021-02-09,140601
Belgium,BEL,2021-02-10,158922
Belgium,BEL,2021-02-11,186390
Belgium,BEL,2021-02-12,213593
Belgium,BEL,2021-02-13,221444
Belgium,BEL,2021-02-14,223288
Belgium,BEL,2021-02-15,234664
Belgium,BEL,2021-02-16,244716
Belgium,BEL,2021-02-17,257039
Belgium,BEL,2021-02-18,272799
Belgium,BEL,2021-02-19,285188
Belgium,BEL,2021-02-20,286758
Belgium,BEL,2021-02-21,287018
Belgium,BEL,2021-02-22,289739
Belgium,BEL,2021-02-23,297022
Belgium,BEL,2021-02-24,304551
Belgium,BEL,2021-02-25,312267
Belgium,BEL,2021-02-26,318271
Belgium,BEL,2021-02-27,319006
Belgium,BEL,2021-02-28,319227
Belgium,BEL,2021-03-01,321833
Belgium,BEL,2021-03-02,327956
Belgium,BEL,2021-03-03,332732
Belgium,BEL,2021-03-04,339296
Belgium,BEL,2021-03-05,344443
Belgium,BEL,2021-03-06,344869
Belgium,BEL,2021-03-07,345044
Belgium,BEL,2021-03-08,345696
Bermuda,BMU,2021-02-06,1591
Bermuda,BMU,2021-02-09,1600
Bermuda,BMU,2021-02-22,4769
Bermuda,BMU,2021-02-27,7046
Bermuda,BMU,2021-03-03,8645
Bolivia,BOL,2021-03-02,9162
Bolivia,BOL,2021-03-03,9540
Bolivia,BOL,2021-03-04,9700
Bolivia,BOL,2021-03-05,9785
Bolivia,BOL,2021-03-06,9785
Bolivia,BOL,2021-03-07,9785
Bolivia,BOL,2021-03-08,9830
Bolivia,BOL,2021-03-09,9870
Brazil,BRA,2021-02-06,1962
Brazil,BRA,2021-02-07,19677
Brazil,BRA,2021-02-08,25688
Brazil,BRA,2021-02-09,33616
Brazil,BRA,2021-02-10,50655
Brazil,BRA,2021-02-11,80760
Brazil,BRA,2021-02-12,109866
Brazil,BRA,2021-02-13,178468
Brazil,BRA,2021-02-14,194230
Brazil,BRA,2021-02-15,217869
Brazil,BRA,2021-02-16,285620
Brazil,BRA,2021-02-17,557532
Brazil,BRA,2021-02-18,723755
Brazil,BRA,2021-02-19,894673
Brazil,BRA,2021-02-20,1056807
Brazil,BRA,2021-02-21,1132894
Brazil,BRA,2021-02-22,1171276
Brazil,BRA,2021-02-23,1294188
Brazil,BRA,2021-02-24,1435594
Brazil,BRA,2021-02-25,1596945
Brazil,BRA,2021-02-26,1755018
Brazil,BRA,2021-02-27,1884206
Brazil,BRA,2021-02-28,1914940
Brazil,BRA,2021-03-01,1923197
Brazil,BRA,2021-03-02,2034734
Brazil,BRA,2021-03-03,2163103
Brazil,BRA,2021-03-04,2321824
Brazil,BRA,2021-03-05,2468014
Brazil,BRA,2021-03-06,2617603
Brazil,BRA,2021-03-07,2688684
Brazil,BRA,2021-03-08,2720738
Brazil,BRA,2021-03-09,2852528
Bulgaria,BGR,2021-01-18,1114
Bulgaria,BGR,2021-01-19,3168
Bulgaria,BGR,2021-01-20,4293
Bulgaria,BGR,2021-01-21,4532
Bulgaria,BGR,2021-01-22,4605
Bulgaria,BGR,2021-01-23,4610
Bulgaria,BGR,2021-01-24,4610
Bulgaria,BGR,2021-01-25,4669
Bulgaria,BGR,2021-01-26,5455
Bulgaria,BGR,2021-01-27,7672
Bulgaria,BGR,2021-01-28,10883
Bulgaria,BGR,2021-01-29,12949
Bulgaria,BGR,2021-01-30,13063
Bulgaria,BGR,2021-01-31,13084
Bulgaria,BGR,2021-02-01,13656
Bulgaria,BGR,2021-02-02,15100
Bulgaria,BGR,2021-02-03,16433
Bulgaria,BGR,2021-02-04,17096
Bulgaria,BGR,2021-02-05,17392
Bulgaria,BGR,2021-02-06,17392
Bulgaria,BGR,2021-02-07,17392
Bulgaria,BGR,2021-02-08,17481
Bulgaria,BGR,2021-02-09,17946
Bulgaria,BGR,2021-02-10,18612
Bulgaria,BGR,2021-02-11,19688
Bulgaria,BGR,2021-02-12,20571
Bulgaria,BGR,2021-02-13,20674
Bulgaria,BGR,2021-02-14,20698
Bulgaria,BGR,2021-02-15,21323
Bulgaria,BGR,2021-02-16,22776
Bulgaria,BGR,2021-02-17,24107
Bulgaria,BGR,2021-02-18,25441
Bulgaria,BGR,2021-02-19,26750
Bulgaria,BGR,2021-02-20,26923
Bulgaria,BGR,2021-02-21,26973
Bulgaria,BGR,2021-02-22,27952
Bulgaria,BGR,2021-02-23,29677
Bulgaria,BGR,2021-02-24,32008
Bulgaria,BGR,2021-02-25,34719
Bulgaria,BGR,2021-02-26,37181
Bulgaria,BGR,2021-02-27,37367
Bulgaria,BGR,2021-02-28,37379
Bulgaria,BGR,2021-03-01,38775
Bulgaria,BGR,2021-03-02,41525
Bulgaria,BGR,2021-03-03,41873
Bulgaria,BGR,2021-03-04,46712
Bulgaria,BGR,2021-03-05,49938
Bulgaria,BGR,2021-03-06,50051
Bulgaria,BGR,2021-03-07,50056
Bulgaria,BGR,2021-03-08,50653
Bulgaria,BGR,2021-03-09,51644
Canada,CAN,2021-01-07,2173
Canada,CAN,2021-01-08,4053
Canada,CAN,2021-01-09,5880
Canada,CAN,2021-01-10,5884
Canada,CAN,2021-01-11,5884
Canada,CAN,2021-01-12,6046
Canada,CAN,2021-01-13,16320
Canada,CAN,2021-01-14,21138
Canada,CAN,2021-01-15,26541
Canada,CAN,2021-01-16,28780
Canada,CAN,2021-01-17,31161
Canada,CAN,2021-01-18,31910
Canada,CAN,2021-01-19,37189
Canada,CAN,2021-01-20,53228
Canada,CAN,2021-01-21,63364
Canada,CAN,2021-01-22,74137
Canada,CAN,2021-01-23,82757
Canada,CAN,2021-01-24,87881
Canada,CAN,2021-01-25,100281
Canada,CAN,2021-01-26,114453
Canada,CAN,2021-01-27,82196
Canada,CAN,2021-01-28,91944
Canada,CAN,2021-01-29,101175
Canada,CAN,2021-01-30,109501
Canada,CAN,2021-01-31,111890
Canada,CAN,2021-02-01,116317
Canada,CAN,2021-02-02,121087
Canada,CAN,2021-02-03,130133
Canada,CAN,2021-02-04,142437
Canada,CAN,2021-02-05,155503
Canada,CAN,2021-02-06,168987
Canada,CAN,2021-02-07,176584
Canada,CAN,2021-02-08,187434
Canada,CAN,2021-02-09,204059
Canada,CAN,2021-02-10,223991
Canada,CAN,2021-02-11,244100
Canada,CAN,2021-02-12,266826
Canada,CAN,2021-02-13,287470
Canada,CAN,2021-02-14,301732
Canada,CAN,2021-02-15,309982
Canada,CAN,2021-02-16,327770
Canada,CAN,2021-02-17,343423
Canada,CAN,2021-02-18,363132
Canada,CAN,2021-02-19,387694
Canada,CAN,2021-02-20,404466
Canada,CAN,2021-02-21,417478
Canada,CAN,2021-02-22,449546
Canada,CAN,2021-02-23,467772
Canada,CAN,2021-02-24,482047
Canada,CAN,2021-02-25,498860
Canada,CAN,2021-02-26,511975
Canada,CAN,2021-02-27,519782
Canada,CAN,2021-02-28,525025
Canada,CAN,2021-03-01,538239
Canada,CAN,2021-03-02,548204
Canada,CAN,2021-03-03,554427
Canada,CAN,2021-03-04,558882
Canada,CAN,2021-03-05,561971
Canada,CAN,2021-03-06,564217
Canada,CAN,2021-03-07,565719
Canada,CAN,2021-03-08,575602
Canada,CAN,2021-03-09,579032
Cayman Islands,CYM,2021-02-04,3197
Cayman Islands,CYM,2021-02-09,4770
Cayman Islands,CYM,2021-02-10,5174
Cayman Islands,CYM,2021-02-12,6371
Cayman Islands,CYM,2021-02-17,6942
Cayman Islands,CYM,2021-02-19,7008
Cayman Islands,CYM,2021-02-20,7638
Cayman Islands,CYM,2021-02-23,7693
Cayman Islands,CYM,2021-02-24,7758
Cayman Islands,CYM,2021-03-05,8878
Chile,CHL,2021-01-13,1029
Chile,CHL,2021-01-14,5825
Chile,CHL,2021-01-15,8297
Chile,CHL,2021-01-16,8364
Chile,CHL,2021-01-17,8364
Chile,CHL,2021-01-18,8364
Chile,CHL,2021-01-19,8366
Chile,CHL,2021-01-20,8366
Chile,CHL,2021-01-21,8366
Chile,CHL,2021-01-22,8366
Chile,CHL,2021-01-23,8366
Chile,CHL,2021-01-24,8366
Chile,CHL,2021-01-25,9766
Chile,CHL,2021-01-26,10361
Chile,CHL,2021-01-27,10395
Chile,CHL,2021-01-28,10395
Chile,CHL,2021-01-29,10400
Chile,CHL,2021-01-30,10400
Chile,CHL,2021-01-31,10400
Chile,CHL,2021-02-01,10400
Chile,CHL,2021-02-02,10406
Chile,CHL,2021-02-03,10406
Chile,CHL,2021-02-04,12513
Chile,CHL,2021-02-05,13183
Chile,CHL,2021-02-06,13188
Chile,CHL,2021-02-07,13188
Chile,CHL,2021-02-08,24942
Chile,CHL,2021-02-09,44271
Chile,CHL,2021-02-10,52594
Chile,CHL,2021-02-11,55460
Chile,CHL,2021-02-12,55667
Chile,CHL,2021-02-13,55701
Chile,CHL,2021-02-14,55701
Chile,CHL,2021-02-15,55701
Chile,CHL,2021-02-16,55711
Chile,CHL,2021-02-17,55711
Chile,CHL,2021-02-18,55711
Chile,CHL,2021-02-19,55711
Chile,CHL,2021-02-20,55711
Chile,CHL,2021-02-21,55711
Chile,CHL,2021-02-22,55732
Chile,CHL,2021-02-23,55772
Chile,CHL,2021-02-24,55944
Chile,CHL,2021-02-25,56088
Chile,CHL,2021-02-26,56205
Chile,CHL,2021-02-27,56209
Chile,CHL,2021-02-28,56209
Chile,CHL,2021-03-01,56605
Chile,CHL,2021-03-02,68994
Chile,CHL,2021-03-03,222378
Chile,CHL,2021-03-04,387466
Chile,CHL,2021-03-05,547664
Chile,CHL,2021-03-06,571398
Chile,CHL,2021-03-07,578217
Chile,CHL,2021-03-08,787628
Chile,CHL,2021-03-09,864070
Costa Rica,CRI,2021-01-15,55
Costa Rica,CRI,2021-01-18,132
Costa Rica,CRI,2021-01-25,2421
Costa Rica,CRI,2021-02-01,11838
Costa Rica,CRI,2021-02-08,28363
Costa Rica,CRI,2021-02-15,42553
Costa Rica,CRI,2021-02-22,44021
Costa Rica,CRI,2021-03-01,46117
Costa Rica,CRI,2021-03-05,52745
Croatia,HRV,2021-01-25,11907
Croatia,HRV,2021-02-01,25099
Croatia,HRV,2021-02-03,28865
Croatia,HRV,2021-02-04,35912
Croatia,HRV,2021-02-09,41966
Croatia,HRV,2021-02-11,47969
Croatia,HRV,2021-02-15,52778
Croatia,HRV,2021-02-18,55053
Croatia,HRV,2021-02-22,57835
Croatia,HRV,2021-02-24,58305
Croatia,HRV,2021-02-25,58511
Croatia,HRV,2021-03-01,59983
Croatia,HRV,2021-03-04,60000
Cyprus,CYP,2021-01-23,2057
Cyprus,CYP,2021-01-30,5551
Cyprus,CYP,2021-02-06,10024
Cyprus,CYP,2021-02-13,14837
Cyprus,CYP,2021-02-20,19221
Cyprus,CYP,2021-02-23,20323
Cyprus,CYP,2021-02-26,22559
Czechia,CZE,2021-01-17,634
Czechia,CZE,2021-01-18,2431
Czechia,CZE,2021-01-19,5126
Czechia,CZE,2021-01-20,7747
Czechia,CZE,2021-01-21,9470
Czechia,CZE,2021-01-22,10505
Czechia,CZE,2021-01-23,11369
Czechia,CZE,2021-01-24,12230
Czechia,CZE,2021-01-25,15164
Czechia,CZE,2021-01-26,19117
Czechia,CZE,2021-01-27,23600
Czechia,CZE,2021-01-28,29676
Czechia,CZE,2021-01-29,37449
Czechia,CZE,2021-01-30,38530
Czechia,CZE,2021-01-31,39667
Czechia,CZE,2021-02-01,47493
Czechia,CZE,2021-02-02,57631
Czechia,CZE,2021-02-03,68566
Czechia,CZE,2021-02-04,81446
Czechia,CZE,2021-02-05,92017
Czechia,CZE,2021-02-06,94334
Czechia,CZE,2021-02-07,96795
Czechia,CZE,2021-02-08,108101
Czechia,CZE,2021-02-09,119922
Czechia,CZE,2021-02-10,132978
Czechia,CZE,2021-02-11,148907
Czechia,CZE,2021-02-12,163437
Czechia,CZE,2021-02-13,166383
Czechia,CZE,2021-02-14,167748
Czechia,CZE,2021-02-15,177020
Czechia,CZE,2021-02-16,185869
Czechia,CZE,2021-02-17,194001
Czechia,CZE,2021-02-18,201881
Czechia,CZE,2021-02-19,209067
Czechia,CZE,2021-02-20,210230
Czechia,CZE,2021-02-21,211233
Czechia,CZE,2021-02-22,217188
Czechia,CZE,2021-02-23,224057
Czechia,CZE,2021-02-24,229924
Czechia,CZE,2021-02-25,235364
Czechia,CZE,2021-02-26,240589
Czechia,CZE,2021-02-27,241134
Czechia,CZE,2021-02-28,241671
Czechia,CZE,2021-03-01,244960
Czechia,CZE,2021-03-02,248429
Czechia,CZE,2021-03-03,252802
Czechia,CZE,2021-03-04,257117
Czechia,CZE,2021-03-05,262233
Czechia,CZE,2021-03-06,263055
Czechia,CZE,2021-03-07,263873
Czechia,CZE,2021-03-08,268410
Czechia,CZE,2021-03-09,273488
Denmark,DNK,2021-01-15,5
Denmark,DNK,2021-01-16,12
Denmark,DNK,2021-01-17,724
Denmark,DNK,2021-01-18,2853
Denmark,DNK,2021-01-19,4938
Denmark,DNK,2021-01-20,6821
Denmark,DNK,2021-01-21,9173
Denmark,DNK,2021-01-22,14820
Denmark,DNK,2021-01-23,21993
Denmark,DNK,2021-01-24,28525
Denmark,DNK,2021-01-25,30977
Denmark,DNK,2021-01-26,32725
Denmark,DNK,2021-01-27,37086
Denmark,DNK,2021-01-28,45202
Denmark,DNK,2021-01-29,63525
Denmark,DNK,2021-01-30,76497
Denmark,DNK,2021-01-31,88796
Denmark,DNK,2021-02-01,96666
Denmark,DNK,2021-02-02,99690
Denmark,DNK,2021-02-03,105871
Denmark,DNK,2021-02-04,116789
Denmark,DNK,2021-02-05,130271
Denmark,DNK,2021-02-06,136982
Denmark,DNK,2021-02-07,140622
Denmark,DNK,2021-02-08,147675
Denmark,DNK,2021-02-09,152587
Denmark,DNK,2021-02-10,156505
Denmark,DNK,2021-02-11,158957
Denmark,DNK,2021-02-12,166564
Denmark,DNK,2021-02-13,167543
Denmark,DNK,2021-02-14,168175
Denmark,DNK,2021-02-15,171311
Denmark,DNK,2021-02-16,172636
Denmark,DNK,2021-02-17,173065
Denmark,DNK,2021-02-18,173366
Denmark,DNK,2021-02-19,174332
Denmark,DNK,2021-02-20,174909
Denmark,DNK,2021-02-21,175260
Denmark,DNK,2021-02-22,176342
Denmark,DNK,2021-02-23,178294
Denmark,DNK,2021-02-24,180264
Denmark,DNK,2021-02-25,180896
Denmark,DNK,2021-02-26,181888
Denmark,DNK,2021-02-27,183352
Denmark,DNK,2021-02-28,184756
Denmark,DNK,2021-03-01,185810
Denmark,DNK,2021-03-02,187107
Denmark,DNK,2021-03-03,188126
Denmark,DNK,2021-03-04,189940
Denmark,DNK,2021-03-05,195499
Denmark,DNK,2021-03-06,199489
Denmark,DNK,2021-03-07,203835
Denmark,DNK,2021-03-08,210098
Ecuador,ECU,2021-02-17,1962
Ecuador,ECU,2021-02-24,3708
Ecuador,ECU,2021-03-01,6228
Ecuador,ECU,2021-03-04,6228
Ecuador,ECU,2021-03-05,6228
Ecuador,ECU,2021-03-08,6228
Ecuador,ECU,2021-03-09,6228
England,,2021-01-03,20660
England,,2021-01-10,374613
England,,2021-01-11,393925
England,,2021-01-12,407294
England,,2021-01-13,415656
England,,2021-01-14,420510
England,,2021-01-15,424327
England,,2021-01-16,426102
England,,2021-01-17,427386
England,,2021-01-18,431136
England,,2021-01-19,434125
England,,2021-01-20,436848
England,,2021-01-21,439182
England,,2021-01-22,440300
England,,2021-01-23,441074
England,,2021-01-24,441684
England,,2021-01-25,443010
England,,2021-01-26,444011
England,,2021-01-27,445101
England,,2021-01-28,446372
England,,2021-01-29,447898
England,,2021-01-30,458150
England,,2021-01-31,460907
England,,2021-02-01,462503
England,,2021-02-02,463889
England,,2021-02-03,466171
England,,2021-02-04,468782
England,,2021-02-05,470723
England,,2021-02-06,471324
England,,2021-02-07,471636
England,,2021-02-08,473055
England,,2021-02-09,475228
England,,2021-02-10,479320
England,,2021-02-11,483966
England,,2021-02-12,487699
England,,2021-02-13,489885
England,,2021-02-14,490722
England,,2021-02-15,492576
England,,2021-02-16,495704
England,,2021-02-17,500201
England,,2021-02-18,504762
England,,2021-02-19,508657
England,,2021-02-20,511089
England,,2021-02-21,513435
England,,2021-02-22,518779
England,,2021-02-23,528360
England,,2021-02-24,542569
England,,2021-02-25,558737
England,,2021-02-26,574963
England,,2021-02-27,590547
England,,2021-02-28,599935
England,,2021-03-01,612567
England,,2021-03-02,640219
England,,2021-03-03,684220
England,,2021-03-04,729265
England,,2021-03-05,766500
England,,2021-03-06,788188
England,,2021-03-07,797321
England,,2021-03-08,821121
Estonia,EST,2021-01-28,6214
Estonia,EST,2021-01-29,7607
Estonia,EST,2021-01-30,9597
Estonia,EST,2021-01-31,10155
Estonia,EST,2021-02-01,10408
Estonia,EST,2021-02-02,11310
Estonia,EST,2021-02-03,12842
Estonia,EST,2021-02-04,14330
Estonia,EST,2021-02-05,15871
Estonia,EST,2021-02-06,17376
Estonia,EST,2021-02-07,17519
Estonia,EST,2021-02-08,17564
Estonia,EST,2021-02-10,19114
Estonia,EST,2021-02-11,20026
Estonia,EST,2021-02-12,21312
Estonia,EST,2021-02-13,22126
Estonia,EST,2021-02-14,22284
Estonia,EST,2021-02-15,22343
Estonia,EST,2021-02-16,22573
Estonia,EST,2021-02-17,23149
Estonia,EST,2021-02-18,23812
Estonia,EST,2021-02-19,24827
Estonia,EST,2021-02-20,25831
Estonia,EST,2021-02-21,26053
Estonia,EST,2021-02-22,26375
Estonia,EST,2021-02-23,27277
Estonia,EST,2021-02-24,28218
Estonia,EST,2021-02-25,28351
Estonia,EST,2021-02-27,33503
Estonia,EST,2021-03-01,34050
Estonia,EST,2021-03-02,35067
Estonia,EST,2021-03-04,39762
Estonia,EST,2021-03-05,42234
Estonia,EST,2021-03-07,43942
Estonia,EST,2021-03-09,44235
European Union,,2021-01-14,114
European Union,,2021-01-15,548
European Union,,2021-01-16,954
European Union,,2021-01-17,22960
European Union,,2021-01-18,62153
European Union,,2021-01-19,131280
European Union,,2021-01-20,234759
European Union,,2021-01-21,358351
European Union,,2021-01-22,442547
European Union,,2021-01-23,538585
European Union,,2021-01-24,638835
European Union,,2021-01-25,852194
European Union,,2021-01-26,1120051
European Union,,2021-01-27,1366418
European Union,,2021-01-28,1686284
European Union,,2021-01-29,1967574
European Union,,2021-01-30,2195939
European Union,,2021-01-31,2498239
European Union,,2021-02-01,2834730
European Union,,2021-02-02,3239240
European Union,,2021-02-03,3705561
European Union,,2021-02-04,4213291
European Union,,2021-02-05,4612213
European Union,,2021-02-06,4819269
European Union,,2021-02-07,5133017
European Union,,2021-02-08,5402940
European Union,,2021-02-09,5772887
European Union,,2021-02-10,6135885
European Union,,2021-02-11,6639486
European Union,,2021-02-12,7015156
European Union,,2021-02-13,7209489
European Union,,2021-02-14,7519567
European Union,,2021-02-15,7790163
European Union,,2021-02-16,8096331
European Union,,2021-02-17,8471909
European Union,,2021-02-18,8879178
European Union,,2021-02-19,9194607
European Union,,2021-02-20,9348770
European Union,,2021-02-21,9597216
European Union,,2021-02-22,9804403
European Union,,2021-02-23,10026431
European Union,,2021-02-24,10341670
European Union,,2021-02-25,10593548
European Union,,2021-02-26,10948927
European Union,,2021-02-27,11059629
European Union,,2021-02-28,11259098
European Union,,2021-03-01,11437360
European Union,,2021-03-02,11682900
European Union,,2021-03-03,12022744
European Union,,2021-03-04,12405114
European Union,,2021-03-05,12679840
European Union,,2021-03-06,12878178
European Union,,2021-03-07,13079926
European Union,,2021-03-08,13311538
European Union,,2021-03-09,13473422
Faeroe Islands,FRO,2021-01-29,1
Faeroe Islands,FRO,2021-02-06,606
Faeroe Islands,FRO,2021-02-08,685
Faeroe Islands,FRO,2021-02-10,1221
Faeroe Islands,FRO,2021-02-21,1515
Faeroe Islands,FRO,2021-02-23,2087
Faeroe Islands,FRO,2021-02-24,2523
Faeroe Islands,FRO,2021-03-03,2830
Faeroe Islands,FRO,2021-03-04,3156
Faeroe Islands,FRO,2021-03-05,3312
Faeroe Islands,FRO,2021-03-06,3674
Faeroe Islands,FRO,2021-03-08,3808
Finland,FIN,2021-01-25,4553
Finland,FIN,2021-01-26,6960
Finland,FIN,2021-01-27,9355
Finland,FIN,2021-01-28,10540
Finland,FIN,2021-01-29,14239
Finland,FIN,2021-01-30,17757
Finland,FIN,2021-02-01,18203
Finland,FIN,2021-02-02,18203
Finland,FIN,2021-02-03,23421
Finland,FIN,2021-02-04,34293
Finland,FIN,2021-02-05,42667
Finland,FIN,2021-02-06,48650
Finland,FIN,2021-02-07,49781
Finland,FIN,2021-02-08,49995
Finland,FIN,2021-02-09,53869
Finland,FIN,2021-02-10,55770
Finland,FIN,2021-02-11,60152
Finland,FIN,2021-02-12,63802
Finland,FIN,2021-02-13,66832
Finland,FIN,2021-02-14,66959
Finland,FIN,2021-02-15,66992
Finland,FIN,2021-02-16,67463
Finland,FIN,2021-02-17,68631
Finland,FIN,2021-02-18,70127
Finland,FIN,2021-02-19,71486
Finland,FIN,2021-02-20,72859
Finland,FIN,2021-02-21,75940
Finland,FIN,2021-02-24,75099
Finland,FIN,2021-02-25,77302
Finland,FIN,2021-02-26,79724
Finland,FIN,2021-02-27,80927
Finland,FIN,2021-02-28,81125
Finland,FIN,2021-03-01,82062
Finland,FIN,2021-03-03,83183
Finland,FIN,2021-03-04,83642
Finland,FIN,2021-03-05,84222
Finland,FIN,2021-03-06,84809
Finland,FIN,2021-03-08,84810
Finland,FIN,2021-03-09,85014
France,FRA,2021-01-26,5412
France,FRA,2021-01-27,11739
France,FRA,2021-01-28,24201
France,FRA,2021-01-29,41318
France,FRA,2021-01-30,45468
France,FRA,2021-01-31,47137
France,FRA,2021-02-01,67993
France,FRA,2021-02-02,102297
France,FRA,2021-02-03,138956
France,FRA,2021-02-04,189524
France,FRA,2021-02-05,233274
France,FRA,2021-02-06,243550
France,FRA,2021-02-07,248614
France,FRA,2021-02-08,294120
France,FRA,2021-02-09,366002
France,FRA,2021-02-10,442260
France,FRA,2021-02-11,540713
France,FRA,2021-02-12,614496
France,FRA,2021-02-13,633771
France,FRA,2021-02-14,640875
France,FRA,2021-02-15,716887
France,FRA,2021-02-16,816990
France,FRA,2021-02-17,919370
France,FRA,2021-02-18,1037266
France,FRA,2021-02-19,1127419
France,FRA,2021-02-20,1155637
France,FRA,2021-02-21,1161983
France,FRA,2021-02-22,1234673
France,FRA,2021-02-23,1318292
France,FRA,2021-02-24,1398984
France,FRA,2021-02-25,1490083
France,FRA,2021-02-26,1560575
France,FRA,2021-02-27,1582433
France,FRA,2021-02-28,1586842
France,FRA,2021-03-01,1639282
France,FRA,2021-03-02,1705966
France,FRA,2021-03-03,1771246
France,FRA,2021-03-04,1839826
France,FRA,2021-03-05,1902812
France,FRA,2021-03-06,1920395
France,FRA,2021-03-07,1925812
France,FRA,2021-03-08,1976264
Germany,DEU,2021-01-14,114
Germany,DEU,2021-01-15,543
Germany,DEU,2021-01-16,940
Germany,DEU,2021-01-17,14550
Germany,DEU,2021-01-18,30922
Germany,DEU,2021-01-19,58152
Germany,DEU,2021-01-20,108809
Germany,DEU,2021-01-21,144243
Germany,DEU,2021-01-22,175532
Germany,DEU,2021-01-23,219381
Germany,DEU,2021-01-24,247470
Germany,DEU,2021-01-25,287203
Germany,DEU,2021-01-26,336781
Germany,DEU,2021-01-27,396012
Germany,DEU,2021-01-28,444974
Germany,DEU,2021-01-29,498491
Germany,DEU,2021-01-30,546671
Germany,DEU,2021-01-31,578051
Germany,DEU,2021-02-01,643912
Germany,DEU,2021-02-02,713659
Germany,DEU,2021-02-03,798231
Germany,DEU,2021-02-04,870712
Germany,DEU,2021-02-05,944298
Germany,DEU,2021-02-06,999455
Germany,DEU,2021-02-07,1025974
Germany,DEU,2021-02-08,1077586
Germany,DEU,2021-02-09,1142661
Germany,DEU,2021-02-10,1216858
Germany,DEU,2021-02-11,1289279
Germany,DEU,2021-02-12,1367599
Germany,DEU,2021-02-13,1414244
Germany,DEU,2021-02-14,1441226
Germany,DEU,2021-02-15,1497248
Germany,DEU,2021-02-16,1552009
Germany,DEU,2021-02-17,1606639
Germany,DEU,2021-02-18,1658675
Germany,DEU,2021-02-19,1712163
Germany,DEU,2021-02-20,1749789
Germany,DEU,2021-02-21,1778732
Germany,DEU,2021-02-22,1831677
Germany,DEU,2021-02-23,1887301
Germany,DEU,2021-02-24,1945101
Germany,DEU,2021-02-25,1997345
Germany,DEU,2021-02-26,2055726
Germany,DEU,2021-02-27,2094250
Germany,DEU,2021-02-28,2122182
Germany,DEU,2021-03-01,2172317
Germany,DEU,2021-03-02,2227963
Germany,DEU,2021-03-03,2294491
Germany,DEU,2021-03-04,2356086
Germany,DEU,2021-03-05,2418571
Germany,DEU,2021-03-06,2465185
Germany,DEU,2021-03-07,2499242
Germany,DEU,2021-03-08,2552137
Germany,DEU,2021-03-09,2605818
Gibraltar,GIB,2021-01-31,400
Gibraltar,GIB,2021-02-01,1325
Gibraltar,GIB,2021-02-02,2320
Gibraltar,GIB,2021-02-03,3011
Gibraltar,GIB,2021-02-04,3943
Gibraltar,GIB,2021-02-05,4876
Gibraltar,GIB,2021-02-06,5573
Gibraltar,GIB,2021-02-07,5573
Gibraltar,GIB,2021-02-08,6140
Gibraltar,GIB,2021-02-09,6719
Gibraltar,GIB,2021-02-10,6737
Gibraltar,GIB,2021-02-11,7667
Gibraltar,GIB,2021-02-12,8595
Gibraltar,GIB,2021-02-13,9522
Gibraltar,GIB,2021-02-14,10053
Gibraltar,GIB,2021-02-15,10244
Gibraltar,GIB,2021-02-16,10772
Gibraltar,GIB,2021-02-17,11303
Gibraltar,GIB,2021-02-18,12053
Gibraltar,GIB,2021-02-19,12573
Gibraltar,GIB,2021-02-20,12573
Gibraltar,GIB,2021-02-21,12606
Gibraltar,GIB,2021-02-22,12729
Gibraltar,GIB,2021-02-23,12846
Gibraltar,GIB,2021-02-24,12928
Gibraltar,GIB,2021-02-25,13009
Gibraltar,GIB,2021-02-26,13178
Gibraltar,GIB,2021-02-27,13290
Gibraltar,GIB,2021-02-28,13290
Gibraltar,GIB,2021-03-02,13704
Gibraltar,GIB,2021-03-03,14101
Gibraltar,GIB,2021-03-04,15023
Gibraltar,GIB,2021-03-05,15155
Gibraltar,GIB,2021-03-06,15403
Gibraltar,GIB,2021-03-07,15572
Gibraltar,GIB,2021-03-08,15572
Gibraltar,GIB,2021-03-09,15809
Greece,GRC,2021-01-16,2
Greece,GRC,2021-01-18,423
Greece,GRC,2021-01-19,1072
Greece,GRC,2021-01-20,1664
Greece,GRC,2021-01-21,2261
Greece,GRC,2021-01-22,2579
Greece,GRC,2021-01-23,3135
Greece,GRC,2021-01-25,8061
Greece,GRC,2021-01-26,13145
Greece,GRC,2021-01-27,17879
Greece,GRC,2021-01-28,23797
Greece,GRC,2021-01-29,32742
Greece,GRC,2021-01-30,38888
Greece,GRC,2021-02-01,46566
Greece,GRC,2021-02-02,54085
Greece,GRC,2021-02-03,62019
Greece,GRC,2021-02-04,68464
Greece,GRC,2021-02-05,73695
Greece,GRC,2021-02-06,79760
Greece,GRC,2021-02-08,84753
Greece,GRC,2021-02-09,92582
Greece,GRC,2021-02-10,106123
Greece,GRC,2021-02-11,121616
Greece,GRC,2021-02-12,139289
Greece,GRC,2021-02-13,154907
Greece,GRC,2021-02-15,168696
Greece,GRC,2021-02-16,177926
Greece,GRC,2021-02-17,190697
Greece,GRC,2021-02-18,203913
Greece,GRC,2021-02-19,215274
Greece,GRC,2021-02-20,227594
Greece,GRC,2021-02-21,229589
Greece,GRC,2021-02-22,243590
Greece,GRC,2021-02-23,257476
Greece,GRC,2021-02-24,271837
Greece,GRC,2021-02-25,286331
Greece,GRC,2021-02-26,300926
Greece,GRC,2021-02-27,313647
Greece,GRC,2021-03-01,327136
Greece,GRC,2021-03-02,339402
Greece,GRC,2021-03-03,348191
Greece,GRC,2021-03-04,355559
Greece,GRC,2021-03-05,361428
Greece,GRC,2021-03-06,366361
Greece,GRC,2021-03-08,372424
Greece,GRC,2021-03-09,377850
Guernsey,GGY,2021-01-24,522
Guernsey,GGY,2021-02-07,3090
Guernsey,GGY,2021-02-14,5334
Hungary,HUN,2021-01-18,1643
Hungary,HUN,2021-01-19,2939
Hungary,HUN,2021-01-20,4030
Hungary,HUN,2021-01-21,5815
Hungary,HUN,2021-01-22,6944
Hungary,HUN,2021-01-23,8135
Hungary,HUN,2021-01-24,9403
Hungary,HUN,2021-01-25,12639
Hungary,HUN,2021-01-26,17772
Hungary,HUN,2021-01-27,26293
Hungary,HUN,2021-01-28,37727
Hungary,HUN,2021-01-29,49606
Hungary,HUN,2021-01-30,56825
Hungary,HUN,2021-01-31,61266
Hungary,HUN,2021-02-01,68526
Hungary,HUN,2021-02-02,75036
Hungary,HUN,2021-02-03,84452
Hungary,HUN,2021-02-04,92773
Hungary,HUN,2021-02-05,101652
Hungary,HUN,2021-02-06,105242
Hungary,HUN,2021-02-07,107592
Hungary,HUN,2021-02-08,110395
Hungary,HUN,2021-02-09,113570
Hungary,HUN,2021-02-10,117368
Hungary,HUN,2021-02-11,120649
Hungary,HUN,2021-02-12,124423
Hungary,HUN,2021-02-13,128195
Hungary,HUN,2021-02-14,129339
Hungary,HUN,2021-02-15,131593
Hungary,HUN,2021-02-16,134824
Hungary,HUN,2021-02-17,141023
Hungary,HUN,2021-02-18,152432
Hungary,HUN,2021-02-19,172739
Hungary,HUN,2021-02-20,190705
Hungary,HUN,2021-02-21,201005
Hungary,HUN,2021-02-22,205720
Hungary,HUN,2021-02-23,208846
Hungary,HUN,2021-02-24,211073
Hungary,HUN,2021-02-25,240622
Hungary,HUN,2021-02-26,244407
Hungary,HUN,2021-02-27,249499
Hungary,HUN,2021-02-28,251691
Hungary,HUN,2021-03-01,252847
Hungary,HUN,2021-03-02,253368
Hungary,HUN,2021-03-03,267153
Hungary,HUN,2021-03-04,279727
Hungary,HUN,2021-03-05,304880
Hungary,HUN,2021-03-06,307573
Hungary,HUN,2021-03-07,307929
Hungary,HUN,2021-03-08,314485
Hungary,HUN,2021-03-09,317906
Iceland,ISL,2021-01-20,480
Iceland,ISL,2021-01-25,4787
Iceland,ISL,2021-01-27,4820
Iceland,ISL,2021-02-03,4853
Iceland,ISL,2021-02-05,4855
Iceland,ISL,2021-02-08,4856
Iceland,ISL,2021-02-12,5538
Iceland,ISL,2021-02-15,5757
Iceland,ISL,2021-02-16,5944
Iceland,ISL,2021-02-17,7381
Iceland,ISL,2021-02-18,9658
Iceland,ISL,2021-02-19,10074
Iceland,ISL,2021-02-22,10530
Iceland,ISL,2021-02-23,10554
Iceland,ISL,2021-02-25,12376
Iceland,ISL,2021-02-26,12564
Iceland,ISL,2021-03-01,12600
Iceland,ISL,2021-03-02,12644
Iceland,ISL,2021-03-04,12707
Iceland,ISL,2021-03-05,12708
Iceland,ISL,2021-03-08,12710
India,IND,2021-02-13,7668
India,IND,2021-02-15,98118
India,IND,2021-02-16,216339
India,IND,2021-02-17,342116
India,IND,2021-02-18,464932
India,IND,2021-02-19,756942
India,IND,2021-02-20,873940
India,IND,2021-02-21,960642
India,IND,2021-02-22,1115542
India,IND,2021-02-23,1321635
India,IND,2021-02-24,1481754
India,IND,2021-02-25,1860859
India,IND,2021-02-26,2204083
India,IND,2021-02-27,2453878
India,IND,2021-02-28,2456191
India,IND,2021-03-01,2597799
India,IND,2021-03-02,2713978
India,IND,2021-03-03,2876927
India,IND,2021-03-04,3208668
India,IND,2021-03-05,3501021
India,IND,2021-03-06,3754041
India,IND,2021-03-07,3761107
India,IND,2021-03-08,4065450
India,IND,2021-03-09,4363679
Indonesia,IDN,2021-01-28,5468
Indonesia,IDN,2021-01-29,11287
Indonesia,IDN,2021-01-30,20810
Indonesia,IDN,2021-01-31,22548
Indonesia,IDN,2021-02-01,35406
Indonesia,IDN,2021-02-02,51999
Indonesia,IDN,2021-02-03,71621
Indonesia,IDN,2021-02-04,96553
Indonesia,IDN,2021-02-05,120725
Indonesia,IDN,2021-02-06,137207
Indonesia,IDN,2021-02-07,139131
Indonesia,IDN,2021-02-08,171270
Indonesia,IDN,2021-02-09,221453
Indonesia,IDN,2021-02-10,279251
Indonesia,IDN,2021-02-11,345605
Indonesia,IDN,2021-02-13,415486
Indonesia,IDN,2021-02-14,425578
Indonesia,IDN,2021-02-15,482625
Indonesia,IDN,2021-02-16,537147
Indonesia,IDN,2021-02-17,597328
Indonesia,IDN,2021-02-18,623832
Indonesia,IDN,2021-02-20,732634
Indonesia,IDN,2021-02-23,789966
Indonesia,IDN,2021-02-24,825650
Indonesia,IDN,2021-02-25,853745
Indonesia,IDN,2021-02-26,865870
Indonesia,IDN,2021-02-27,982370
Indonesia,IDN,2021-02-28,998439
Indonesia,IDN,2021-03-01,1062173
Indonesia,IDN,2021-03-02,1055291
Indonesia,IDN,2021-03-03,1100228
Indonesia,IDN,2021-03-05,1114537
Indonesia,IDN,2021-03-07,1133787
Ireland,IRL,2021-01-27,13800
Ireland,IRL,2021-01-31,49300
Ireland,IRL,2021-02-05,79554
Ireland,IRL,2021-02-07,86833
Ireland,IRL,2021-02-08,88453
Ireland,IRL,2021-02-09,89380
Ireland,IRL,2021-02-10,89818
Ireland,IRL,2021-02-11,89834
Ireland,IRL,2021-02-12,89999
Ireland,IRL,2021-02-13,91625
Ireland,IRL,2021-02-14,91750
Ireland,IRL,2021-02-15,98388
Ireland,IRL,2021-02-16,105859
Ireland,IRL,2021-02-17,113291
Ireland,IRL,2021-02-18,120520
Ireland,IRL,2021-02-19,126320
Ireland,IRL,2021-02-20,130423
Ireland,IRL,2021-02-21,131898
Ireland,IRL,2021-02-22,133325
Ireland,IRL,2021-02-23,134439
Ireland,IRL,2021-02-24,136407
Ireland,IRL,2021-02-25,137935
Ireland,IRL,2021-02-26,140290
Ireland,IRL,2021-02-27,141345
Ireland,IRL,2021-02-28,141883
Ireland,IRL,2021-03-01,142924
Ireland,IRL,2021-03-02,144581
Ireland,IRL,2021-03-04,147617
Ireland,IRL,2021-03-05,149721
Ireland,IRL,2021-03-06,149920
Isle of Man,IMN,2021-01-25,312
Isle of Man,IMN,2021-01-26,639
Isle of Man,IMN,2021-01-27,1037
Isle of Man,IMN,2021-01-28,1038
Isle of Man,IMN,2021-01-29,1030
Isle of Man,IMN,2021-02-02,1419
Isle of Man,IMN,2021-02-03,2176
Isle of Man,IMN,2021-02-04,2183
Isle of Man,IMN,2021-02-05,2183
Isle of Man,IMN,2021-02-06,2183
Isle of Man,IMN,2021-02-07,2184
Isle of Man,IMN,2021-02-08,2188
Isle of Man,IMN,2021-02-09,2557
Isle of Man,IMN,2021-02-10,2956
Isle of Man,IMN,2021-02-11,3328
Isle of Man,IMN,2021-02-12,3328
Isle of Man,IMN,2021-02-13,3327
Isle of Man,IMN,2021-02-14,3328
Isle of Man,IMN,2021-02-16,3594
Isle of Man,IMN,2021-02-17,3857
Isle of Man,IMN,2021-02-18,4110
Isle of Man,IMN,2021-02-19,4683
Isle of Man,IMN,2021-02-20,4712
Isle of Man,IMN,2021-02-21,4733
Isle of Man,IMN,2021-02-22,4732
Isle of Man,IMN,2021-02-23,4964
Isle of Man,IMN,2021-02-24,5201
Isle of Man,IMN,2021-02-25,5509
Isle of Man,IMN,2021-02-26,6284
Isle of Man,IMN,2021-02-27,6948
Isle of Man,IMN,2021-02-28,7329
Isle of Man,IMN,2021-03-01,7682
Isle of Man,IMN,2021-03-02,7701
Isle of Man,IMN,2021-03-03,7710
Isle of Man,IMN,2021-03-04,7711
Isle of Man,IMN,2021-03-05,8091
Isle of Man,IMN,2021-03-06,8485
Isle of Man,IMN,2021-03-07,8966
Isle of Man,IMN,2021-03-08,9253
Isle of Man,IMN,2021-03-09,9262
Israel,ISR,2021-01-04,2
Israel,ISR,2021-01-05,2
Israel,ISR,2021-01-06,2
Israel,ISR,2021-01-07,5
Israel,ISR,2021-01-08,8
Israel,ISR,2021-01-09,30
Israel,ISR,2021-01-10,6012
Israel,ISR,2021-01-11,25250
Israel,ISR,2021-01-12,60903
Israel,ISR,2021-01-13,117831
Israel,ISR,2021-01-14,186751
Israel,ISR,2021-01-15,222888
Israel,ISR,2021-01-16,249090
Israel,ISR,2021-01-17,333699
Israel,ISR,2021-01-18,453764
Israel,ISR,2021-01-19,591129
Israel,ISR,2021-01-20,734381
Israel,ISR,2021-01-21,898113
Israel,ISR,2021-01-22,968957
Israel,ISR,2021-01-23,1022389
Israel,ISR,2021-01-24,1162593
Israel,ISR,2021-01-25,1301613
Israel,ISR,2021-01-26,1427504
Israel,ISR,2021-01-27,1552051
Israel,ISR,2021-01-28,1682190
Israel,ISR,2021-01-29,1746732
Israel,ISR,2021-01-30,1789367
Israel,ISR,2021-01-31,1848638
Israel,ISR,2021-02-01,1883825
Israel,ISR,2021-02-02,1914708
Israel,ISR,2021-02-03,1965866
Israel,ISR,2021-02-04,2023697
Israel,ISR,2021-02-05,2052320
Israel,ISR,2021-02-06,2074434
Israel,ISR,2021-02-07,2142855
Israel,ISR,2021-02-08,2207933
Israel,ISR,2021-02-09,2275096
Israel,ISR,2021-02-10,2346943
Israel,ISR,2021-02-11,2418376
Israel,ISR,2021-02-12,2455741
Israel,ISR,2021-02-13,2486044
Israel,ISR,2021-02-14,2554793
Israel,ISR,2021-02-15,2630144
Israel,ISR,2021-02-16,2708032
Israel,ISR,2021-02-17,2783201
Israel,ISR,2021-02-18,2862435
Israel,ISR,2021-02-19,2900358
Israel,ISR,2021-02-20,2928882
Israel,ISR,2021-02-21,3007077
Israel,ISR,2021-02-22,3087079
Israel,ISR,2021-02-23,3157011
Israel,ISR,2021-02-24,3219623
Israel,ISR,2021-02-25,3283867
Israel,ISR,2021-02-26,3314842
Israel,ISR,2021-02-27,3335254
Israel,ISR,2021-02-28,3389817
Israel,ISR,2021-03-01,3450854
Israel,ISR,2021-03-02,3515166
Israel,ISR,2021-03-03,3581365
Israel,ISR,2021-03-04,3657610
Israel,ISR,2021-03-05,3694028
Israel,ISR,2021-03-06,3719246
Israel,ISR,2021-03-07,3791510
Israel,ISR,2021-03-08,3864171
Israel,ISR,2021-03-09,3940352
Italy,ITA,2021-01-17,2902
Italy,ITA,2021-01-18,7795
Italy,ITA,2021-01-19,9487
Italy,ITA,2021-01-20,13987
Italy,ITA,2021-01-21,33509
Italy,ITA,2021-01-22,47405
Italy,ITA,2021-01-23,80092
Italy,ITA,2021-01-24,110692
Italy,ITA,2021-01-25,174738
Italy,ITA,2021-01-26,250269
Italy,ITA,2021-01-27,314578
Italy,ITA,2021-01-28,403138
Italy,ITA,2021-01-29,495764
Italy,ITA,2021-01-30,581616
Italy,ITA,2021-01-31,638397
Italy,ITA,2021-02-01,719251
Italy,ITA,2021-02-02,800388
Italy,ITA,2021-02-03,889941
Italy,ITA,2021-02-04,982890
Italy,ITA,2021-02-05,1070571
Italy,ITA,2021-02-06,1131754
Italy,ITA,2021-02-07,1163501
Italy,ITA,2021-02-08,1202578
Italy,ITA,2021-02-09,1233958
Italy,ITA,2021-02-10,1260848
Italy,ITA,2021-02-11,1279723
Italy,ITA,2021-02-12,1294149
Italy,ITA,2021-02-13,1300378
Italy,ITA,2021-02-14,1302653
Italy,ITA,2021-02-15,1308224
Italy,ITA,2021-02-16,1313971
Italy,ITA,2021-02-17,1322953
Italy,ITA,2021-02-18,1330364
Italy,ITA,2021-02-19,1336363
Italy,ITA,2021-02-20,1340289
Italy,ITA,2021-02-21,1342318
Italy,ITA,2021-02-22,1347521
Italy,ITA,2021-02-23,1352547
Italy,ITA,2021-02-24,1360297
Italy,ITA,2021-02-25,1371990
Italy,ITA,2021-02-26,1386279
Italy,ITA,2021-02-27,1397836
Italy,ITA,2021-02-28,1405959
Italy,ITA,2021-03-01,1430192
Italy,ITA,2021-03-02,1460271
Italy,ITA,2021-03-03,1501473
Italy,ITA,2021-03-04,1547627
Italy,ITA,2021-03-05,1598512
Italy,ITA,2021-03-06,1636676
Italy,ITA,2021-03-07,1656332
Italy,ITA,2021-03-08,1702049
Italy,ITA,2021-03-09,1747516
Jersey,JEY,2021-01-24,3051
Jersey,JEY,2021-01-31,3131
Jersey,JEY,2021-02-07,3178
Jersey,JEY,2021-02-14,3256
Jersey,JEY,2021-02-21,3287
Jersey,JEY,2021-02-28,3320
Jordan,JOR,2021-02-22,30000
Kazakhstan,KAZ,2021-02-24,2137
Kuwait,KWT,2021-02-15,38000
Latvia,LVA,2021-01-18,571
Latvia,LVA,2021-01-19,1375
Latvia,LVA,2021-01-20,2126
Latvia,LVA,2021-01-21,2139
Latvia,LVA,2021-01-22,2156
Latvia,LVA,2021-01-25,2804
Latvia,LVA,2021-01-26,3622
Latvia,LVA,2021-01-27,4359
Latvia,LVA,2021-01-28,5108
Latvia,LVA,2021-01-29,6017
Latvia,LVA,2021-01-30,6321
Latvia,LVA,2021-01-31,6655
Latvia,LVA,2021-02-01,7829
Latvia,LVA,2021-02-02,9502
Latvia,LVA,2021-02-03,10880
Latvia,LVA,2021-02-04,12243
Latvia,LVA,2021-02-05,13748
Latvia,LVA,2021-02-06,14305
Latvia,LVA,2021-02-07,14428
Latvia,LVA,2021-02-08,14583
Latvia,LVA,2021-02-09,14626
Latvia,LVA,2021-02-10,14823
Latvia,LVA,2021-02-11,15503
Latvia,LVA,2021-02-12,16055
Latvia,LVA,2021-02-13,16231
Latvia,LVA,2021-02-14,16251
Latvia,LVA,2021-02-15,16405
Latvia,LVA,2021-02-16,16481
Latvia,LVA,2021-02-17,16660
Latvia,LVA,2021-02-18,16713
Latvia,LVA,2021-02-19,16769
Latvia,LVA,2021-02-20,16788
Latvia,LVA,2021-02-22,16819
Latvia,LVA,2021-02-23,16848
Latvia,LVA,2021-02-24,16880
Latvia,LVA,2021-02-25,16922
Latvia,LVA,2021-02-26,17010
Latvia,LVA,2021-02-27,17019
Latvia,LVA,2021-02-28,17020
Latvia,LVA,2021-03-01,17246
Latvia,LVA,2021-03-02,17547
Latvia,LVA,2021-03-03,17731
Latvia,LVA,2021-03-04,17849
Latvia,LVA,2021-03-05,17987
Latvia,LVA,2021-03-06,17990
Latvia,LVA,2021-03-07,17992
Latvia,LVA,2021-03-08,18028
Latvia,LVA,2021-03-09,18053
Lithuania,LTU,2021-01-17,1089
Lithuania,LTU,2021-01-18,2762
Lithuania,LTU,2021-01-19,6676
Lithuania,LTU,2021-01-20,8509
Lithuania,LTU,2021-01-21,9147
Lithuania,LTU,2021-01-22,9217
Lithuania,LTU,2021-01-23,9217
Lithuania,LTU,2021-01-25,9217
Lithuania,LTU,2021-01-26,9847
Lithuania,LTU,2021-01-27,12904
Lithuania,LTU,2021-01-28,16590
Lithuania,LTU,2021-01-29,21656
Lithuania,LTU,2021-01-30,22089
Lithuania,LTU,2021-01-31,22089
Lithuania,LTU,2021-02-01,23920
Lithuania,LTU,2021-02-02,26127
Lithuania,LTU,2021-02-03,31287
Lithuania,LTU,2021-02-04,39591
Lithuania,LTU,2021-02-05,45887
Lithuania,LTU,2021-02-06,46544
Lithuania,LTU,2021-02-07,46639
Lithuania,LTU,2021-02-08,49067
Lithuania,LTU,2021-02-09,50839
Lithuania,LTU,2021-02-10,52469
Lithuania,LTU,2021-02-11,53774
Lithuania,LTU,2021-02-12,54750
Lithuania,LTU,2021-02-13,54750
Lithuania,LTU,2021-02-15,55443
Lithuania,LTU,2021-02-16,55653
Lithuania,LTU,2021-02-17,59528
Lithuania,LTU,2021-02-18,64342
Lithuania,LTU,2021-02-19,67655
Lithuania,LTU,2021-02-20,67717
Lithuania,LTU,2021-02-22,69292
Lithuania,LTU,2021-02-23,70397
Lithuania,LTU,2021-02-24,71320
Lithuania,LTU,2021-02-25,72261
Lithuania,LTU,2021-02-26,73296
Lithuania,LTU,2021-02-27,73327
Lithuania,LTU,2021-02-28,73327
Lithuania,LTU,2021-03-01,73473
Lithuania,LTU,2021-03-02,74068
Lithuania,LTU,2021-03-03,76263
Lithuania,LTU,2021-03-04,81215
Lithuania,LTU,2021-03-05,85840
Lithuania,LTU,2021-03-06,85982
Lithuania,LTU,2021-03-07,85983
Lithuania,LTU,2021-03-08,86943
Lithuania,LTU,2021-03-09,88247
Luxembourg,LUX,2021-01-25,1245
Luxembourg,LUX,2021-01-26,1245
Luxembourg,LUX,2021-01-27,1342
Luxembourg,LUX,2021-01-28,1483
Luxembourg,LUX,2021-01-31,1680
Luxembourg,LUX,2021-02-01,1905
Luxembourg,LUX,2021-02-02,2327
Luxembourg,LUX,2021-02-03,2810
Luxembourg,LUX,2021-02-04,3163
Luxembourg,LUX,2021-02-07,3688
Luxembourg,LUX,2021-02-08,4050
Luxembourg,LUX,2021-02-09,4426
Luxembourg,LUX,2021-02-10,4871
Luxembourg,LUX,2021-02-11,5259
Luxembourg,LUX,2021-02-14,5638
Luxembourg,LUX,2021-02-15,5969
Luxembourg,LUX,2021-02-16,6296
Luxembourg,LUX,2021-02-17,6514
Luxembourg,LUX,2021-02-18,7080
Luxembourg,LUX,2021-02-21,7726
Luxembourg,LUX,2021-02-22,8241
Luxembourg,LUX,2021-02-23,8862
Luxembourg,LUX,2021-02-24,9475
Luxembourg,LUX,2021-02-25,9982
Luxembourg,LUX,2021-02-28,10700
Luxembourg,LUX,2021-03-01,11466
Luxembourg,LUX,2021-03-02,11984
Luxembourg,LUX,2021-03-03,12717
Luxembourg,LUX,2021-03-04,13448
Luxembourg,LUX,2021-03-07,14118
Luxembourg,LUX,2021-03-08,14277
Malta,MLT,2021-01-24,1198
Malta,MLT,2021-01-25,1463
Malta,MLT,2021-01-26,1694
Malta,MLT,2021-01-27,2095
Malta,MLT,2021-01-28,2518
Malta,MLT,2021-01-29,2969
Malta,MLT,2021-01-30,3456
Malta,MLT,2021-01-31,3948
Malta,MLT,2021-02-01,4476
Malta,MLT,2021-02-02,4891
Malta,MLT,2021-02-03,5410
Malta,MLT,2021-02-04,6457
Malta,MLT,2021-02-05,7594
Malta,MLT,2021-02-06,8749
Malta,MLT,2021-02-07,9918
Malta,MLT,2021-02-08,11050
Malta,MLT,2021-02-09,12135
Malta,MLT,2021-02-10,12928
Malta,MLT,2021-02-11,13820
Malta,MLT,2021-02-12,14739
Malta,MLT,2021-02-13,15601
Malta,MLT,2021-02-14,16265
Malta,MLT,2021-02-15,17102
Malta,MLT,2021-02-16,17843
Malta,MLT,2021-02-17,18536
Malta,MLT,2021-02-18,19199
Malta,MLT,2021-02-19,19828
Malta,MLT,2021-02-20,20189
Malta,MLT,2021-02-21,20531
Malta,MLT,2021-02-22,21160
Malta,MLT,2021-02-23,21767
Malta,MLT,2021-02-24,22501
Malta,MLT,2021-02-25,23395
Malta,MLT,2021-02-26,25118
Malta,MLT,2021-02-27,26781
Malta,MLT,2021-02-28,28048
Malta,MLT,2021-03-01,29021
Malta,MLT,2021-03-02,29748
Malta,MLT,2021-03-03,30329
Malta,MLT,2021-03-04,31034
Malta,MLT,2021-03-05,31710
Malta,MLT,2021-03-06,32420
Malta,MLT,2021-03-07,32862
Malta,MLT,2021-03-08,34181
Mexico,MEX,2021-01-15,1958
Mexico,MEX,2021-01-16,2221
Mexico,MEX,2021-01-17,3434
Mexico,MEX,2021-01-18,6546
Mexico,MEX,2021-01-19,9609
Mexico,MEX,2021-01-20,11402
Mexico,MEX,2021-01-21,18018
Mexico,MEX,2021-01-22,20083
Mexico,MEX,2021-01-23,22472
Mexico,MEX,2021-01-24,25185
Mexico,MEX,2021-01-25,28715
Mexico,MEX,2021-01-26,31314
Mexico,MEX,2021-01-27,31314
Mexico,MEX,2021-01-28,31314
Mexico,MEX,2021-01-29,31397
Mexico,MEX,2021-01-30,39009
Mexico,MEX,2021-01-31,41842
Mexico,MEX,2021-02-01,43455
Mexico,MEX,2021-02-02,45748
Mexico,MEX,2021-02-03,54162
Mexico,MEX,2021-02-04,60742
Mexico,MEX,2021-02-05,64246
Mexico,MEX,2021-02-06,73100
Mexico,MEX,2021-02-07,75836
Mexico,MEX,2021-02-08,79429
Mexico,MEX,2021-02-09,84218
Mexico,MEX,2021-02-10,84592
Mexico,MEX,2021-02-11,85332
Mexico,MEX,2021-02-12,85887
Mexico,MEX,2021-02-13,86188
Mexico,MEX,2021-02-15,86198
Mexico,MEX,2021-02-16,86198
Mexico,MEX,2021-02-17,99666
Mexico,MEX,2021-02-19,418931
Mexico,MEX,2021-02-20,445418
Mexico,MEX,2021-02-21,453055
Mexico,MEX,2021-02-22,456217
Mexico,MEX,2021-02-23,464302
Mexico,MEX,2021-02-24,475389
Mexico,MEX,2021-02-25,526412
Mexico,MEX,2021-02-26,562311
Mexico,MEX,2021-02-27,565377
Mexico,MEX,2021-02-28,565423
Mexico,MEX,2021-03-01,567338
Mexico,MEX,2021-03-02,570582
Mexico,MEX,2021-03-03,589639
Mexico,MEX,2021-03-05,603134
Mexico,MEX,2021-03-06,603447
Mexico,MEX,2021-03-08,604339
Mexico,MEX,2021-03-09,605801
Morocco,MAR,2021-02-19,4867
Morocco,MAR,2021-02-20,13476
Morocco,MAR,2021-02-22,23667
Morocco,MAR,2021-02-23,31232
Morocco,MAR,2021-02-24,37310
Morocco,MAR,2021-02-25,43626
Morocco,MAR,2021-02-26,96437
Morocco,MAR,2021-02-27,161906
Morocco,MAR,2021-03-01,232980
Morocco,MAR,2021-03-02,293857
Morocco,MAR,2021-03-03,360689
Morocco,MAR,2021-03-04,413032
Morocco,MAR,2021-03-05,499942
Morocco,MAR,2021-03-06,578942
Morocco,MAR,2021-03-08,651351
Morocco,MAR,2021-03-09,717113
Netherlands,NLD,2021-01-31,15692
Netherlands,NLD,2021-02-07,66409
Netherlands,NLD,2021-02-14,154445
Netherlands,NLD,2021-02-21,218713
Netherlands,NLD,2021-02-28,331671
Netherlands,NLD,2021-03-07,411935
Northern Ireland,,2021-01-03,1271
Northern Ireland,,2021-01-10,13949
Northern Ireland,,2021-01-11,15288
Northern Ireland,,2021-01-12,17840
Northern Ireland,,2021-01-13,19010
Northern Ireland,,2021-01-14,19264
Northern Ireland,,2021-01-15,19474
Northern Ireland,,2021-01-16,20174
Northern Ireland,,2021-01-17,21016
Northern Ireland,,2021-01-18,21579
Northern Ireland,,2021-01-19,21960
Northern Ireland,,2021-01-20,22326
Northern Ireland,,2021-01-21,22510
Northern Ireland,,2021-01-22,22660
Northern Ireland,,2021-01-23,22687
Northern Ireland,,2021-01-24,22713
Northern Ireland,,2021-01-25,22795
Northern Ireland,,2021-01-26,22910
Northern Ireland,,2021-01-27,23927
Northern Ireland,,2021-01-28,24070
Northern Ireland,,2021-01-29,24146
Northern Ireland,,2021-01-30,24323
Northern Ireland,,2021-01-31,24612
Northern Ireland,,2021-02-01,24882
Northern Ireland,,2021-02-02,25155
Northern Ireland,,2021-02-03,25539
Northern Ireland,,2021-02-04,26047
Northern Ireland,,2021-02-05,26531
Northern Ireland,,2021-02-06,27207
Northern Ireland,,2021-02-07,27463
Northern Ireland,,2021-02-08,27589
Northern Ireland,,2021-02-09,27772
Northern Ireland,,2021-02-10,28137
Northern Ireland,,2021-02-11,28552
Northern Ireland,,2021-02-12,28937
Northern Ireland,,2021-02-13,28976
Northern Ireland,,2021-02-14,29005
Northern Ireland,,2021-02-15,29201
Northern Ireland,,2021-02-16,29476
Northern Ireland,,2021-02-17,30012
Northern Ireland,,2021-02-18,30381
Northern Ireland,,2021-02-19,30753
Northern Ireland,,2021-02-20,30807
Northern Ireland,,2021-02-21,30796
Northern Ireland,,2021-02-22,31077
Northern Ireland,,2021-02-23,31345
Northern Ireland,,2021-02-24,31637
Northern Ireland,,2021-02-25,31898
Northern Ireland,,2021-02-26,32616
Northern Ireland,,2021-02-27,32665
Northern Ireland,,2021-02-28,33197
Northern Ireland,,2021-03-01,35370
Northern Ireland,,2021-03-02,37862
Northern Ireland,,2021-03-03,40139
Northern Ireland,,2021-03-04,41787
Northern Ireland,,2021-03-05,42096
Northern Ireland,,2021-03-06,42230
Northern Ireland,,2021-03-07,42851
Northern Ireland,,2021-03-08,44594
Norway,NOR,2021-01-17,5
Norway,NOR,2021-01-18,288
Norway,NOR,2021-01-19,1059
Norway,NOR,2021-01-20,1752
Norway,NOR,2021-01-21,1920
Norway,NOR,2021-01-22,1927
Norway,NOR,2021-01-23,1927
Norway,NOR,2021-01-24,1927
Norway,NOR,2021-01-25,1927
Norway,NOR,2021-01-26,4067
Norway,NOR,2021-01-27,11592
Norway,NOR,2021-01-28,18139
Norway,NOR,2021-01-29,20244
Norway,NOR,2021-01-30,20416
Norway,NOR,2021-01-31,20466
Norway,NOR,2021-02-01,20766
Norway,NOR,2021-02-02,23904
Norway,NOR,2021-02-03,32209
Norway,NOR,2021-02-04,40796
Norway,NOR,2021-02-05,45624
Norway,NOR,2021-02-06,46359
Norway,NOR,2021-02-07,46654
Norway,NOR,2021-02-08,47577
Norway,NOR,2021-02-09,50811
Norway,NOR,2021-02-10,59403
Norway,NOR,2021-02-11,67936
Norway,NOR,2021-02-12,71531
Norway,NOR,2021-02-13,71835
Norway,NOR,2021-02-14,71837
Norway,NOR,2021-02-15,72586
Norway,NOR,2021-02-16,74753
Norway,NOR,2021-02-17,84898
Norway,NOR,2021-02-18,95661
Norway,NOR,2021-02-19,100441
Norway,NOR,2021-02-20,100604
Norway,NOR,2021-02-21,100698
Norway,NOR,2021-02-22,100836
Norway,NOR,2021-02-23,106018
Norway,NOR,2021-02-24,128188
Norway,NOR,2021-02-25,153145
Norway,NOR,2021-02-26,163027
Norway,NOR,2021-02-27,163219
Norway,NOR,2021-02-28,163376
Norway,NOR,2021-03-01,163436
Norway,NOR,2021-03-02,167219
Norway,NOR,2021-03-03,184860
Norway,NOR,2021-03-04,203054
Norway,NOR,2021-03-05,209341
Norway,NOR,2021-03-06,209794
Norway,NOR,2021-03-07,209794
Norway,NOR,2021-03-08,209840
Oman,OMN,2021-01-17,673
Oman,OMN,2021-01-18,1985
Oman,OMN,2021-01-19,3276
Oman,OMN,2021-01-20,4775
Oman,OMN,2021-01-23,5902
Oman,OMN,2021-01-24,7992
Oman,OMN,2021-01-25,9833
Oman,OMN,2021-01-26,11433
Oman,OMN,2021-01-27,12272
Oman,OMN,2021-02-08,12272
Oman,OMN,2021-02-09,12272
Oman,OMN,2021-02-10,12272
Oman,OMN,2021-02-11,12272
Oman,OMN,2021-02-12,12272
Oman,OMN,2021-02-13,12272
Oman,OMN,2021-02-14,12272
Oman,OMN,2021-02-15,12272
Oman,OMN,2021-02-16,19019
Oman,OMN,2021-02-17,19019
Oman,OMN,2021-02-18,19019
Oman,OMN,2021-02-19,19019
Oman,OMN,2021-02-20,19019
Oman,OMN,2021-02-21,19019
Oman,OMN,2021-02-22,19019
Oman,OMN,2021-02-23,19019
Peru,PER,2021-03-02,1317
Peru,PER,2021-03-03,10602
Peru,PER,2021-03-04,31925
Peru,PER,2021-03-05,53283
Peru,PER,2021-03-06,62309
Peru,PER,2021-03-07,63353
Peru,PER,2021-03-08,69484
Poland,POL,2021-01-17,671
Poland,POL,2021-01-18,3468
Poland,POL,2021-01-19,11174
Poland,POL,2021-01-20,24992
Poland,POL,2021-01-21,39686
Poland,POL,2021-01-22,45479
Poland,POL,2021-01-23,46980
Poland,POL,2021-01-24,47721
Poland,POL,2021-01-25,75765
Poland,POL,2021-01-26,123044
Poland,POL,2021-01-27,149779
Poland,POL,2021-01-28,179128
Poland,POL,2021-01-29,195481
Poland,POL,2021-01-30,198478
Poland,POL,2021-01-31,200537
Poland,POL,2021-02-01,233129
Poland,POL,2021-02-02,289190
Poland,POL,2021-02-03,344432
Poland,POL,2021-02-04,395375
Poland,POL,2021-02-05,424730
Poland,POL,2021-02-06,440365
Poland,POL,2021-02-07,450496
Poland,POL,2021-02-09,482146
Poland,POL,2021-02-11,580607
Poland,POL,2021-02-12,624907
Poland,POL,2021-02-13,640650
Poland,POL,2021-02-14,645971
Poland,POL,2021-02-15,658235
Poland,POL,2021-02-16,691380
Poland,POL,2021-02-17,774060
Poland,POL,2021-02-18,865884
Poland,POL,2021-02-19,916935
Poland,POL,2021-02-20,925682
Poland,POL,2021-02-21,929965
Poland,POL,2021-02-22,934782
Poland,POL,2021-02-24,1031518
Poland,POL,2021-02-26,1168058
Poland,POL,2021-02-28,1186747
Poland,POL,2021-03-01,1192900
Poland,POL,2021-03-03,1281179
Poland,POL,2021-03-04,1366648
Poland,POL,2021-03-06,1424715
Poland,POL,2021-03-08,1434640
Poland,POL,2021-03-09,1445170
Portugal,PRT,2021-01-17,1161
Portugal,PRT,2021-01-18,1825
Portugal,PRT,2021-01-19,9443
Portugal,PRT,2021-01-20,18618
Portugal,PRT,2021-01-21,23592
Portugal,PRT,2021-01-22,25996
Portugal,PRT,2021-01-23,30036
Portugal,PRT,2021-01-24,30553
Portugal,PRT,2021-01-30,65461
Portugal,PRT,2021-01-31,68385
Portugal,PRT,2021-02-01,68752
Portugal,PRT,2021-02-02,70695
Portugal,PRT,2021-02-03,75852
Portugal,PRT,2021-02-04,84975
Portugal,PRT,2021-02-05,94916
Portugal,PRT,2021-02-06,103786
Portugal,PRT,2021-02-07,104526
Portugal,PRT,2021-02-08,104613
Portugal,PRT,2021-02-09,106055
Portugal,PRT,2021-02-10,116559
Portugal,PRT,2021-02-11,133078
Portugal,PRT,2021-02-12,157604
Portugal,PRT,2021-02-13,184694
Portugal,PRT,2021-02-14,194530
Portugal,PRT,2021-02-15,197700
Portugal,PRT,2021-02-16,203286
Portugal,PRT,2021-02-17,209318
Portugal,PRT,2021-02-18,217271
Portugal,PRT,2021-02-19,229975
Portugal,PRT,2021-02-20,242929
Portugal,PRT,2021-02-21,246433
Portugal,PRT,2021-02-22,247843
Portugal,PRT,2021-02-23,249567
Portugal,PRT,2021-02-24,251788
Portugal,PRT,2021-02-25,255277
Portugal,PRT,2021-02-26,258369
Portugal,PRT,2021-02-27,263825
Portugal,PRT,2021-02-28,265110
Portugal,PRT,2021-03-01,265366
Portugal,PRT,2021-03-02,266716
Portugal,PRT,2021-03-03,268381
Portugal,PRT,2021-03-04,273414
Portugal,PRT,2021-03-05,279223
Portugal,PRT,2021-03-06,287830
Portugal,PRT,2021-03-07,291983
Portugal,PRT,2021-03-08,293338
Portugal,PRT,2021-03-09,295516
Romania,ROU,2021-01-17,875
Romania,ROU,2021-01-18,1950
Romania,ROU,2021-01-19,2621
Romania,ROU,2021-01-20,5813
Romania,ROU,2021-01-21,9843
Romania,ROU,2021-01-22,11254
Romania,ROU,2021-01-23,12878
Romania,ROU,2021-01-24,13155
Romania,ROU,2021-01-25,25063
Romania,ROU,2021-01-26,40666
Romania,ROU,2021-01-27,57274
Romania,ROU,2021-01-28,75049
Romania,ROU,2021-01-29,92075
Romania,ROU,2021-01-30,101304
Romania,ROU,2021-01-31,106196
Romania,ROU,2021-02-01,123048
Romania,ROU,2021-02-02,138348
Romania,ROU,2021-02-03,152025
Romania,ROU,2021-02-04,165515
Romania,ROU,2021-02-05,182665
Romania,ROU,2021-02-06,193121
Romania,ROU,2021-02-07,200144
Romania,ROU,2021-02-08,230285
Romania,ROU,2021-02-09,263212
Romania,ROU,2021-02-10,299518
Romania,ROU,2021-02-11,334187
Romania,ROU,2021-02-12,369464
Romania,ROU,2021-02-13,400749
Romania,ROU,2021-02-14,427340
Romania,ROU,2021-02-15,454168
Romania,ROU,2021-02-16,481340
Romania,ROU,2021-02-17,505479
Romania,ROU,2021-02-18,526475
Romania,ROU,2021-02-19,547115
Romania,ROU,2021-02-20,562771
Romania,ROU,2021-02-21,576125
Romania,ROU,2021-02-22,589640
Romania,ROU,2021-02-23,601572
Romania,ROU,2021-02-24,611552
Romania,ROU,2021-02-25,614546
Romania,ROU,2021-02-26,615964
Romania,ROU,2021-02-27,616594
Romania,ROU,2021-02-28,617111
Romania,ROU,2021-03-01,618240
Romania,ROU,2021-03-02,619182
Romania,ROU,2021-03-03,619808
Romania,ROU,2021-03-04,627159
Romania,ROU,2021-03-05,636053
Romania,ROU,2021-03-06,645707
Romania,ROU,2021-03-07,653567
Romania,ROU,2021-03-08,658741
Russia,RUS,2021-02-10,1700000
Russia,RUS,2021-03-01,1098634
Russia,RUS,2021-03-02,1091497
Russia,RUS,2021-03-03,1201919
Russia,RUS,2021-03-04,1309569
Russia,RUS,2021-03-05,1393676
Russia,RUS,2021-03-06,1501746
Russia,RUS,2021-03-07,1527349
Russia,RUS,2021-03-08,1532861
Russia,RUS,2021-03-09,1544760
Scotland,,2021-01-03,44
Scotland,,2021-01-10,2758
Scotland,,2021-01-11,2857
Scotland,,2021-01-12,2990
Scotland,,2021-01-13,3190
Scotland,,2021-01-14,3331
Scotland,,2021-01-15,3512
Scotland,,2021-01-16,3657
Scotland,,2021-01-17,3698
Scotland,,2021-01-18,3886
Scotland,,2021-01-19,4170
Scotland,,2021-01-20,4466
Scotland,,2021-01-21,4689
Scotland,,2021-01-22,5188
Scotland,,2021-01-23,5383
Scotland,,2021-01-24,5538
Scotland,,2021-01-25,6060
Scotland,,2021-01-26,6596
Scotland,,2021-01-27,6783
Scotland,,2021-01-28,7095
Scotland,,2021-01-29,7638
Scotland,,2021-01-30,7794
Scotland,,2021-01-31,7849
Scotland,,2021-02-01,8345
Scotland,,2021-02-02,8758
Scotland,,2021-02-03,9031
Scotland,,2021-02-04,9529
Scotland,,2021-02-05,10332
Scotland,,2021-02-06,10582
Scotland,,2021-02-07,10690
Scotland,,2021-02-08,12257
Scotland,,2021-02-09,12866
Scotland,,2021-02-10,13195
Scotland,,2021-02-11,13566
Scotland,,2021-02-12,14009
Scotland,,2021-02-13,14281
Scotland,,2021-02-14,14501
Scotland,,2021-02-15,17137
Scotland,,2021-02-16,20409
Scotland,,2021-02-17,24169
Scotland,,2021-02-18,29015
Scotland,,2021-02-19,33473
Scotland,,2021-02-20,35479
Scotland,,2021-02-21,37342
Scotland,,2021-02-22,43203
Scotland,,2021-02-23,50121
Scotland,,2021-02-24,56661
Scotland,,2021-02-25,65340
Scotland,,2021-02-26,72178
Scotland,,2021-02-27,76512
Scotland,,2021-02-28,78865
Scotland,,2021-03-01,84445
Scotland,,2021-03-02,92550
Scotland,,2021-03-03,100058
Scotland,,2021-03-04,108197
Scotland,,2021-03-05,114081
Scotland,,2021-03-06,115930
Scotland,,2021-03-07,118732
Scotland,,2021-03-08,123686
Serbia,SRB,2021-02-10,47665
Serbia,SRB,2021-02-12,126149
Serbia,SRB,2021-02-14,182000
Serbia,SRB,2021-02-23,472769
Serbia,SRB,2021-02-24,487359
Serbia,SRB,2021-02-25,497729
Serbia,SRB,2021-02-26,507000
Serbia,SRB,2021-02-27,511807
Serbia,SRB,2021-02-28,511999
Serbia,SRB,2021-03-01,524231
Serbia,SRB,2021-03-02,530863
Serbia,SRB,2021-03-03,534751
Serbia,SRB,2021-03-04,563922
Serbia,SRB,2021-03-05,593617
Serbia,SRB,2021-03-06,620067
Serbia,SRB,2021-03-07,620853
Serbia,SRB,2021-03-08,623424
Serbia,SRB,2021-03-09,625707
Seychelles,SYC,2021-02-03,5
Seychelles,SYC,2021-02-06,1586
Seychelles,SYC,2021-02-08,3980
Seychelles,SYC,2021-02-09,6700
Seychelles,SYC,2021-02-10,10335
Seychelles,SYC,2021-02-11,13867
Seychelles,SYC,2021-02-13,14181
Seychelles,SYC,2021-02-15,16441
Seychelles,SYC,2021-02-16,18176
Seychelles,SYC,2021-02-17,19512
Seychelles,SYC,2021-02-18,20665
Seychelles,SYC,2021-02-19,21599
Seychelles,SYC,2021-02-21,21599
Seychelles,SYC,2021-02-23,23380
Seychelles,SYC,2021-02-25,23519
Seychelles,SYC,2021-02-27,23549
Seychelles,SYC,2021-03-01,24230
Seychelles,SYC,2021-03-03,24602
Seychelles,SYC,2021-03-05,24620
Seychelles,SYC,2021-03-09,26567
Singapore,SGP,2021-01-27,50
Singapore,SGP,2021-01-31,50
Singapore,SGP,2021-02-02,6000
Singapore,SGP,2021-02-10,6000
Singapore,SGP,2021-02-18,110000
Singapore,SGP,2021-03-01,207324
Singapore,SGP,2021-03-04,215000
Singapore,SGP,2021-03-07,217000
Singapore,SGP,2021-03-08,218694
Slovakia,SVK,2021-01-18,582
Slovakia,SVK,2021-01-19,1043
Slovakia,SVK,2021-01-20,1907
Slovakia,SVK,2021-01-21,2555
Slovakia,SVK,2021-01-22,2688
Slovakia,SVK,2021-01-23,2688
Slovakia,SVK,2021-01-24,2688
Slovakia,SVK,2021-01-25,4981
Slovakia,SVK,2021-01-26,5237
Slovakia,SVK,2021-01-27,5509
Slovakia,SVK,2021-01-28,7031
Slovakia,SVK,2021-01-29,9365
Slovakia,SVK,2021-01-30,9368
Slovakia,SVK,2021-01-31,9536
Slovakia,SVK,2021-02-01,12445
Slovakia,SVK,2021-02-02,15890
Slovakia,SVK,2021-02-03,18220
Slovakia,SVK,2021-02-04,23771
Slovakia,SVK,2021-02-05,30436
Slovakia,SVK,2021-02-06,31132
Slovakia,SVK,2021-02-07,31132
Slovakia,SVK,2021-02-08,35018
Slovakia,SVK,2021-02-09,42558
Slovakia,SVK,2021-02-10,49064
Slovakia,SVK,2021-02-11,55665
Slovakia,SVK,2021-02-12,62058
Slovakia,SVK,2021-02-13,62477
Slovakia,SVK,2021-02-14,62682
Slovakia,SVK,2021-02-15,69479
Slovakia,SVK,2021-02-16,75827
Slovakia,SVK,2021-02-17,81885
Slovakia,SVK,2021-02-18,88482
Slovakia,SVK,2021-02-19,95326
Slovakia,SVK,2021-02-20,95609
Slovakia,SVK,2021-02-21,95609
Slovakia,SVK,2021-02-22,102499
Slovakia,SVK,2021-02-23,109060
Slovakia,SVK,2021-02-24,115880
Slovakia,SVK,2021-02-25,123739
Slovakia,SVK,2021-02-26,132802
Slovakia,SVK,2021-02-27,133686
Slovakia,SVK,2021-02-28,133686
Slovakia,SVK,2021-03-01,142891
Slovakia,SVK,2021-03-02,152573
Slovakia,SVK,2021-03-03,161722
Slovakia,SVK,2021-03-04,170404
Slovakia,SVK,2021-03-05,177630
Slovakia,SVK,2021-03-06,179688
Slovakia,SVK,2021-03-07,179880
Slovakia,SVK,2021-03-08,188450
Slovakia,SVK,2021-03-09,195224
Slovenia,SVN,2021-01-18,165
Slovenia,SVN,2021-01-19,1783
Slovenia,SVN,2021-01-20,5170
Slovenia,SVN,2021-01-21,8539
Slovenia,SVN,2021-01-22,9508
Slovenia,SVN,2021-01-23,9991
Slovenia,SVN,2021-01-24,10124
Slovenia,SVN,2021-01-25,10129
Slovenia,SVN,2021-01-26,11833
Slovenia,SVN,2021-01-27,16495
Slovenia,SVN,2021-01-28,21954
Slovenia,SVN,2021-01-29,25923
Slovenia,SVN,2021-01-30,26022
Slovenia,SVN,2021-01-31,26024
Slovenia,SVN,2021-02-01,26057
Slovenia,SVN,2021-02-02,27152
Slovenia,SVN,2021-02-03,31754
Slovenia,SVN,2021-02-04,38482
Slovenia,SVN,2021-02-05,43737
Slovenia,SVN,2021-02-06,44310
Slovenia,SVN,2021-02-07,44310
Slovenia,SVN,2021-02-08,44310
Slovenia,SVN,2021-02-09,44341
Slovenia,SVN,2021-02-10,45054
Slovenia,SVN,2021-02-11,46764
Slovenia,SVN,2021-02-12,48503
Slovenia,SVN,2021-02-13,48692
Slovenia,SVN,2021-02-14,48693
Slovenia,SVN,2021-02-15,48701
Slovenia,SVN,2021-02-16,48772
Slovenia,SVN,2021-02-17,49396
Slovenia,SVN,2021-02-18,50110
Slovenia,SVN,2021-02-19,50706
Slovenia,SVN,2021-02-20,50724
Slovenia,SVN,2021-02-21,50724
Slovenia,SVN,2021-02-22,50729
Slovenia,SVN,2021-02-23,50737
Slovenia,SVN,2021-02-24,50914
Slovenia,SVN,2021-02-25,51108
Slovenia,SVN,2021-02-26,51663
Slovenia,SVN,2021-02-27,51674
Slovenia,SVN,2021-02-28,51674
Slovenia,SVN,2021-03-01,51674
Slovenia,SVN,2021-03-02,51692
Slovenia,SVN,2021-03-03,52521
Slovenia,SVN,2021-03-04,56899
Slovenia,SVN,2021-03-05,62320
Slovenia,SVN,2021-03-06,62907
Slovenia,SVN,2021-03-07,62907
Slovenia,SVN,2021-03-08,63298
South Africa,ZAF,2021-02-18,2260
South Africa,ZAF,2021-02-19,6524
South Africa,ZAF,2021-02-20,10414
South Africa,ZAF,2021-02-21,15388
South Africa,ZAF,2021-02-22,23059
South Africa,ZAF,2021-02-23,32315
South Africa,ZAF,2021-02-24,41809
South Africa,ZAF,2021-02-25,52647
South Africa,ZAF,2021-02-26,63648
South Africa,ZAF,2021-02-27,67303
South Africa,ZAF,2021-02-28,70527
South Africa,ZAF,2021-03-07,101573
South Africa,ZAF,2021-03-08,101841
South Africa,ZAF,2021-03-09,107054
Spain,ESP,2021-01-18,2315
Spain,ESP,2021-01-19,9341
Spain,ESP,2021-01-20,15642
Spain,ESP,2021-01-21,49056
Spain,ESP,2021-01-22,68456
Spain,ESP,2021-01-24,88698
Spain,ESP,2021-01-25,123697
Spain,ESP,2021-01-26,173066
Spain,ESP,2021-01-27,192759
Spain,ESP,2021-01-28,251866
Spain,ESP,2021-01-31,357892
Spain,ESP,2021-02-01,418519
Spain,ESP,2021-02-02,498978
Spain,ESP,2021-02-03,586122
Spain,ESP,2021-02-04,682909
Spain,ESP,2021-02-07,786407
Spain,ESP,2021-02-08,838782
Spain,ESP,2021-02-09,889683
Spain,ESP,2021-02-10,943278
Spain,ESP,2021-02-11,1000485
Spain,ESP,2021-02-14,1070091
Spain,ESP,2021-02-15,1096922
Spain,ESP,2021-02-16,1119180
Spain,ESP,2021-02-17,1144556
Spain,ESP,2021-02-18,1171026
Spain,ESP,2021-02-21,1197061
Spain,ESP,2021-02-22,1208305
Spain,ESP,2021-02-23,1221183
Spain,ESP,2021-02-24,1231782
Spain,ESP,2021-02-25,1243783
Spain,ESP,2021-02-28,1261848
Spain,ESP,2021-03-01,1266700
Spain,ESP,2021-03-02,1287002
Spain,ESP,2021-03-03,1308913
Spain,ESP,2021-03-04,1342485
Spain,ESP,2021-03-07,1383488
Spain,ESP,2021-03-08,1412236
Sweden,SWE,2021-01-17,29
Sweden,SWE,2021-01-24,9820
Sweden,SWE,2021-01-31,34224
Sweden,SWE,2021-02-07,86546
Sweden,SWE,2021-02-14,152810
Sweden,SWE,2021-02-21,232426
Sweden,SWE,2021-02-26,246603
Sweden,SWE,2021-03-02,273992
Sweden,SWE,2021-03-03,278319
Sweden,SWE,2021-03-04,285178
Sweden,SWE,2021-03-05,292867
Sweden,SWE,2021-03-09,316439
Switzerland,CHE,2021-02-14,101949
Switzerland,CHE,2021-02-15,107634
Switzerland,CHE,2021-02-16,114092
Switzerland,CHE,2021-02-17,137158
Switzerland,CHE,2021-02-18,144754
Switzerland,CHE,2021-02-19,151808
Switzerland,CHE,2021-02-20,153841
Switzerland,CHE,2021-02-21,172826
Switzerland,CHE,2021-02-22,178895
Switzerland,CHE,2021-02-23,186001
Switzerland,CHE,2021-02-24,220481
Switzerland,CHE,2021-02-25,227717
Switzerland,CHE,2021-02-26,234083
Switzerland,CHE,2021-02-27,234993
Switzerland,CHE,2021-02-28,259151
Switzerland,CHE,2021-03-01,264293
Switzerland,CHE,2021-03-02,269412
Switzerland,CHE,2021-03-03,299859
Switzerland,CHE,2021-03-04,305194
Switzerland,CHE,2021-03-05,309105
Switzerland,CHE,2021-03-06,309594
Switzerland,CHE,2021-03-07,331765
Turkey,TUR,2021-02-12,336532
Turkey,TUR,2021-02-13,456891
Turkey,TUR,2021-02-14,488937
Turkey,TUR,2021-02-15,573879
Turkey,TUR,2021-02-16,646162
Turkey,TUR,2021-02-17,746170
Turkey,TUR,2021-02-18,867116
Turkey,TUR,2021-02-19,976716
Turkey,TUR,2021-02-20,1030416
Turkey,TUR,2021-02-21,1053837
Turkey,TUR,2021-02-22,1098831
Turkey,TUR,2021-02-23,1182976
Turkey,TUR,2021-02-24,1267285
Turkey,TUR,2021-02-25,1397487
Turkey,TUR,2021-02-26,1553658
Turkey,TUR,2021-02-27,1660133
Turkey,TUR,2021-02-28,1677952
Turkey,TUR,2021-03-01,1799160
Turkey,TUR,2021-03-02,1949918
Turkey,TUR,2021-03-03,2077031
Turkey,TUR,2021-03-04,2206502
Turkey,TUR,2021-03-05,2309952
Turkey,TUR,2021-03-06,2373684
Turkey,TUR,2021-03-07,2392405
Turkey,TUR,2021-03-08,2436957
Turkey,TUR,2021-03-09,2546475
United Arab Emirates,ARE,2021-01-10,250000
United Arab Emirates,ARE,2021-02-23,2187849
United Kingdom,GBR,2021-01-03,22002
United Kingdom,GBR,2021-01-10,391399
United Kingdom,GBR,2021-01-11,412167
United Kingdom,GBR,2021-01-12,428232
United Kingdom,GBR,2021-01-13,437977
United Kingdom,GBR,2021-01-14,443234
United Kingdom,GBR,2021-01-15,447442
United Kingdom,GBR,2021-01-16,450062
United Kingdom,GBR,2021-01-17,452301
United Kingdom,GBR,2021-01-18,456866
United Kingdom,GBR,2021-01-19,460625
United Kingdom,GBR,2021-01-20,464036
United Kingdom,GBR,2021-01-21,466796
United Kingdom,GBR,2021-01-22,468617
United Kingdom,GBR,2021-01-23,469660
United Kingdom,GBR,2021-01-24,470478
United Kingdom,GBR,2021-01-25,472446
United Kingdom,GBR,2021-01-26,474156
United Kingdom,GBR,2021-01-27,476485
United Kingdom,GBR,2021-01-28,478254
United Kingdom,GBR,2021-01-29,480432
United Kingdom,GBR,2021-01-30,491053
United Kingdom,GBR,2021-01-31,494209
United Kingdom,GBR,2021-02-01,496796
United Kingdom,GBR,2021-02-02,498962
United Kingdom,GBR,2021-02-03,501957
United Kingdom,GBR,2021-02-04,505993
United Kingdom,GBR,2021-02-05,510057
United Kingdom,GBR,2021-02-06,511719
United Kingdom,GBR,2021-02-07,512581
United Kingdom,GBR,2021-02-08,516392
United Kingdom,GBR,2021-02-09,519553
United Kingdom,GBR,2021-02-10,524447
United Kingdom,GBR,2021-02-11,530094
United Kingdom,GBR,2021-02-12,534869
United Kingdom,GBR,2021-02-13,537715
United Kingdom,GBR,2021-02-14,539630
United Kingdom,GBR,2021-02-15,546165
United Kingdom,GBR,2021-02-16,558577
United Kingdom,GBR,2021-02-17,573724
United Kingdom,GBR,2021-02-18,589591
United Kingdom,GBR,2021-02-19,604885
United Kingdom,GBR,2021-02-20,615148
United Kingdom,GBR,2021-02-21,624325
United Kingdom,GBR,2021-02-22,642788
United Kingdom,GBR,2021-02-23,669105
United Kingdom,GBR,2021-02-24,700718
United Kingdom,GBR,2021-02-25,736037
United Kingdom,GBR,2021-02-26,768810
United Kingdom,GBR,2021-02-27,796132
United Kingdom,GBR,2021-02-28,815816
United Kingdom,GBR,2021-03-01,844098
United Kingdom,GBR,2021-03-02,895412
United Kingdom,GBR,2021-03-03,963862
United Kingdom,GBR,2021-03-04,1034068
United Kingdom,GBR,2021-03-05,1090840
United Kingdom,GBR,2021-03-06,1122402
United Kingdom,GBR,2021-03-07,1142643
United Kingdom,GBR,2021-03-08,1181431
United States,USA,2021-01-14,1342086
United States,USA,2021-01-15,1610524
United States,USA,2021-01-19,2023124
United States,USA,2021-01-20,2161419
United States,USA,2021-01-21,2394961
United States,USA,2021-01-22,2756953
United States,USA,2021-01-23,3027865
United States,USA,2021-01-24,3216836
United States,USA,2021-01-25,3346390
United States,USA,2021-01-26,3481921
United States,USA,2021-01-27,3801053
United States,USA,2021-01-28,4263056
United States,USA,2021-01-29,4780888
United States,USA,2021-01-30,5259693
United States,USA,2021-01-31,5657142
United States,USA,2021-02-01,5927847
United States,USA,2021-02-02,6064792
United States,USA,2021-02-03,6436931
United States,USA,2021-02-04,6926050
United States,USA,2021-02-05,7503864
United States,USA,2021-02-06,8317180
United States,USA,2021-02-07,9147185
United States,USA,2021-02-08,9518015
United States,USA,2021-02-09,9840429
United States,USA,2021-02-10,10469514
United States,USA,2021-02-11,11188782
United States,USA,2021-02-12,12085830
United States,USA,2021-02-13,13082172
United States,USA,2021-02-14,14077440
United States,USA,2021-02-16,15015434
United States,USA,2021-02-17,15471536
United States,USA,2021-02-18,16162358
United States,USA,2021-02-19,17039118
United States,USA,2021-02-20,17895667
United States,USA,2021-02-21,18865319
United States,USA,2021-02-22,19438495
United States,USA,2021-02-23,19882544
United States,USA,2021-02-24,20607261
United States,USA,2021-02-25,21555117
United States,USA,2021-02-26,22613359
United States,USA,2021-02-27,23698627
United States,USA,2021-02-28,24779920
United States,USA,2021-03-01,25466405
United States,USA,2021-03-02,26162122
United States,USA,2021-03-03,26957804
United States,USA,2021-03-04,27795980
United States,USA,2021-03-05,28701201
United States,USA,2021-03-06,29776160
United States,USA,2021-03-07,30686881
United States,USA,2021-03-08,31493040
United States,USA,2021-03-09,32102061
Wales,,2021-01-03,27
Wales,,2021-01-10,79
Wales,,2021-01-11,97
Wales,,2021-01-12,108
Wales,,2021-01-13,121
Wales,,2021-01-14,129
Wales,,2021-01-17,201
Wales,,2021-01-18,265
Wales,,2021-01-19,370
Wales,,2021-01-20,396
Wales,,2021-01-21,415
Wales,,2021-01-22,469
Wales,,2021-01-23,516
Wales,,2021-01-24,543
Wales,,2021-01-25,581
Wales,,2021-01-26,639
Wales,,2021-01-27,674
Wales,,2021-01-28,717
Wales,,2021-01-29,750
Wales,,2021-01-30,786
Wales,,2021-01-31,841
Wales,,2021-02-01,1066
Wales,,2021-02-02,1160
Wales,,2021-02-03,1216
Wales,,2021-02-04,1635
Wales,,2021-02-05,2471
Wales,,2021-02-06,2606
Wales,,2021-02-07,2792
Wales,,2021-02-08,3491
Wales,,2021-02-09,3687
Wales,,2021-02-10,3795
Wales,,2021-02-11,4010
Wales,,2021-02-12,4224
Wales,,2021-02-13,4573
Wales,,2021-02-14,5402
Wales,,2021-02-15,7251
Wales,,2021-02-16,12988
Wales,,2021-02-17,19342
Wales,,2021-02-18,25433
Wales,,2021-02-19,32002
Wales,,2021-02-20,37773
Wales,,2021-02-21,42752
Wales,,2021-02-22,49729
Wales,,2021-02-23,59279
Wales,,2021-02-24,69851
Wales,,2021-02-25,80062
Wales,,2021-02-26,89053
Wales,,2021-02-27,96408
Wales,,2021-02-28,103819
Wales,,2021-03-01,111716
Wales,,2021-03-02,124781
Wales,,2021-03-03,139445
Wales,,2021-03-04,154819
Wales,,2021-03-05,168163
Wales,,2021-03-06,176054
Wales,,2021-03-07,183739
Wales,,2021-03-08,192030
World,OWID_WRL,2021-01-03,22002
World,OWID_WRL,2021-01-04,22004
World,OWID_WRL,2021-01-05,22004
World,OWID_WRL,2021-01-06,22004
World,OWID_WRL,2021-01-07,24180
World,OWID_WRL,2021-01-08,26063
World,OWID_WRL,2021-01-09,27912
World,OWID_WRL,2021-01-10,653295
World,OWID_WRL,2021-01-11,693301
World,OWID_WRL,2021-01-12,745181
World,OWID_WRL,2021-01-13,823157
World,OWID_WRL,2021-01-14,2249148
World,OWID_WRL,2021-01-15,2568253
World,OWID_WRL,2021-01-16,2600050
World,OWID_WRL,2021-01-17,2713176
World,OWID_WRL,2021-01-18,2882532
World,OWID_WRL,2021-01-19,3515789
World,OWID_WRL,2021-01-20,3929124
World,OWID_WRL,2021-01-21,4481628
World,OWID_WRL,2021-01-22,5022120
World,OWID_WRL,2021-01-23,5459723
World,OWID_WRL,2021-01-24,5906265
World,OWID_WRL,2021-01-25,6416522
World,OWID_WRL,2021-01-26,6975591
World,OWID_WRL,2021-01-27,7651387
World,OWID_WRL,2021-01-28,8592669
World,OWID_WRL,2021-01-29,9489879
World,OWID_WRL,2021-01-30,10295716
World,OWID_WRL,2021-01-31,11065382
World,OWID_WRL,2021-02-01,11748805
World,OWID_WRL,2021-02-02,12357444
World,OWID_WRL,2021-02-03,13315022
World,OWID_WRL,2021-02-04,14466319
World,OWID_WRL,2021-02-05,15522917
World,OWID_WRL,2021-02-06,16630642
World,OWID_WRL,2021-02-07,17894515
World,OWID_WRL,2021-02-08,18696425
World,OWID_WRL,2021-02-09,19567824
World,OWID_WRL,2021-02-10,22508691
World,OWID_WRL,2021-02-11,23954929
World,OWID_WRL,2021-02-12,25757129
World,OWID_WRL,2021-02-13,27280993
World,OWID_WRL,2021-02-14,28892688
World,OWID_WRL,2021-02-15,29570929
World,OWID_WRL,2021-02-16,31254360
World,OWID_WRL,2021-02-17,32803243
World,OWID_WRL,2021-02-18,34586549
World,OWID_WRL,2021-02-19,36782296
World,OWID_WRL,2021-02-20,38339880
World,OWID_WRL,2021-02-21,39878445
World,OWID_WRL,2021-02-22,41090202
World,OWID_WRL,2021-02-23,44611383
World,OWID_WRL,2021-02-24,46286266
World,OWID_WRL,2021-02-25,48418303
World,OWID_WRL,2021-02-26,50717138
World,OWID_WRL,2021-02-27,52658938
World,OWID_WRL,2021-02-28,54117323
World,OWID_WRL,2021-03-01,55012398
World,OWID_WRL,2021-03-02,56555406
World,OWID_WRL,2021-03-03,58712904
World,OWID_WRL,2021-03-04,61116931
World,OWID_WRL,2021-03-05,63380266
World,OWID_WRL,2021-03-06,65626843
World,OWID_WRL,2021-03-07,67057736
World,OWID_WRL,2021-03-08,68898924
World,OWID_WRL,2021-03-09,70458976